uniqueid,fullname,gender,dob,party,stateabr,district,congress109,twitterhandle,Twitter,joinedon,yearjoined,sessionstartedon,sessionendedon,agewhensessionstarted,joined109
PuA-FL12,"Putnam, Adam H.",M,7/31/74,Republican,FL,12,109,adamputnam,1,6/1/09,2009,1/3/05,1/3/07,30,
SiA-NJ08,"Sires, Albio",M,1/26/51,Democratic,NJ,8,109,AlbioSiresNJ,1,4/1/12,2012,1/3/05,1/3/07,-46,
HaA-FL20,"Hastings, Alcee L.",M,9/5/36,Democratic,FL,20,109,AlceeHastingsFL,1,11/1/13,2013,1/3/05,1/3/07,-31,
ScA-PA13,"Schwartz, Allyson Y.",F,10/3/48,Democratic,PA,13,109,allysonschwartz,1,4/1/13,2013,1/3/05,1/3/07,-43,
CrA-FL04,"Crenshaw, Ander",M,9/1/44,Republican,FL,4,109,AnderCrenshaw,1,2/1/09,2009,1/3/05,1/3/07,-39,
DaA-AL07,"Davis, Artur",M,10/9/67,Democratic,AL,7,109,ArturDavis,1,1/1/09,2009,1/3/05,1/3/07,-62,
MiG-CA11,"Miller, George",M,5/17/45,Democratic,CA,11,109,askgeorge,1,7/1/07,2007,1/3/05,1/3/07,-40,1.00
BaS-AL06,"Bachus, Spencer",M,12/28/47,Republican,AL,6,109,BachusAL06,1,9/1/09,2009,1/3/05,1/3/07,-43,
FrB-MA04,"Frank, Barney",M,3/31/40,Democratic,MA,4,109,BarneyFrank,1,7/1/13,2013,1/3/05,1/3/07,-35,
ThB-MS02,"Thompson, Bennie G.",M,1/28/48,Democratic,MS,2,109,BennieGThompson,1,1/1/09,2009,1/3/05,1/3/07,-43,
BeS-NV01,"Berkley, Shelley",F,1/20/51,Democratic,NV,1,109,Berkley4Senate,1,4/1/11,2011,1/3/05,1/3/07,-46,
McB-MN04,"McCollum, Betty",F,7/12/54,Democratic,MN,4,109,BettyMcCollum04,1,1/1/12,2012,1/3/05,1/3/07,-49,
BiB-CA50,"Bilbray, Brian P.",M,1/28/51,Republican,CA,50,109,BilbrayCA50,1,7/1/09,2009,1/3/05,1/3/07,-46,
PaB-NJ09,"Pascrell, Bill, Jr.",M,1/25/37,Democratic,NJ,9,109,BillPascrell,1,1/1/09,2009,1/3/05,1/3/07,-32,
BrR-PA01,"Brady, Robert A.",M,4/7/45,Democratic,PA,1,109,BobBradyPHL,1,5/1/10,2010,1/3/05,1/3/07,-40,
JiB-LA01,"Jindal, Bobby",M,6/10/71,Republican,LA,1,109,BobbyJindal,1,10/1/08,2008,1/3/05,1/3/07,33,
RuB-IL01,"Rush, Bobby L.",M,11/23/46,Democratic,IL,1,109,BobbyLRush,1,5/1/11,2011,1/3/05,1/3/07,-41,
ScR-VA03,"Scott, Robert C. Bobby",M,4/30/47,Democratic,VA,3,109,BobbyScott,1,1/1/10,2010,1/3/05,1/3/07,-42,
FiB-CA51,"Filner, Bob",M,9/4/42,Democratic,CA,51,109,bobfilner,1,9/1/09,2009,1/3/05,1/3/07,-37,
InB-SC04,"Inglis, Bob",M,10/11/59,Republican,SC,4,109,bobinglis,1,10/1/08,2008,1/3/05,1/3/07,-54,
NeR-OH18,"Ney, Robert W.",M,7/5/54,Republican,OH,18,109,bobney,1,9/1/08,2008,1/3/05,1/3/07,-49,
EtB-NC02,"Etheridge, Bob",M,8/7/41,Democratic,NC,2,109,bobretheridge,1,11/1/10,2010,1/3/05,1/3/07,-36,
ShB-CA32,"Sherman, Brad",M,10/24/54,Democratic,CA,32,109,BradSherman,1,1/1/09,2009,1/3/05,1/3/07,-49,
BrK-TX08,"Brady, Kevin",M,4/11/55,Republican,TX,8,109,bradyfortexas,1,5/1/12,2012,1/3/05,1/3/07,-50,
OtC-ID01,"Otter, C. L. (Butch)",M,5/3/42,Republican,ID,1,109,ButchOtter,1,4/1/09,2009,1/3/05,1/3/07,-37,
RuC-MD02,"Ruppersberger, C. A. Dutch",M,1/31/46,Democratic,MD,2,109,Call_Me_Dutch,1,1/1/11,2011,1/3/05,1/3/07,-41,
MiC-MI10,"Miller, Candice S.",F,5/7/54,Republican,MI,10,109,CandiceMiller,1,6/1/08,2008,1/3/05,1/3/07,-49,
McC-WA05,"McMorris Rodgers, Cathy",F,5/22/69,Republican,WA,5,109,cathymcmorris,1,1/1/08,2008,1/3/05,1/3/07,-64,
RaC-NY13,"Rangel, Charles B.",M,6/11/30,Democratic,NY,13,109,cbrangel,1,2/1/09,2009,1/3/05,1/3/07,-25,
EdC-TX17,"Edwards, Chet",M,11/24/51,Democratic,TX,17,109,CEdwardsTX,1,11/1/16,2016,1/3/05,1/3/07,-46,
HaR-NC08,"Hayes, Robin",M,8/14/45,Republican,NC,8,109,ChairmanHayes,1,1/1/11,2011,1/3/05,1/3/07,-40,
McH-CA25,"McKeon, Howard P. Buck",M,9/9/38,Republican,CA,25,109,chairmanmckeon,1,11/1/15,2015,1/3/05,1/3/07,-33,
FaC-PA02,"Fattah, Chaka",M,11/21/56,Democratic,PA,2,109,chakafattah,1,6/1/09,2009,1/3/05,1/3/07,-51,
CaC-UT03,"Cannon, Chris",M,10/20/50,Republican,UT,3,109,chriscanno,1,1/1/09,2009,1/3/05,1/3/07,-45,
ChC-IN02,"Chocola, Chris",M,2/24/62,Republican,IN,2,109,ChrisChocola,1,7/1/12,2012,1/3/05,1/3/07,-57,
VaC-MD08,"Van Hollen, Chris",M,1/10/59,Democratic,MD,8,109,ChrisVanHollen,1,12/1/08,2008,1/3/05,1/3/07,-54,
PeC-MN07,"Peterson, Collin C.",M,6/29/44,Democratic,MN,7,109,collinpeterson,1,2/1/10,2010,1/3/05,1/3/07,-39,
CoK-TX11,"Conaway, K. Michael",M,6/11/48,Republican,TX,11,109,ConawayTX11,1,5/1/11,2011,1/3/05,1/3/07,-43,
SaJ-NJ03,"Saxton, Jim",M,1/22/43,Republican,NJ,3,109,Cong_Jim_Saxton,1,4/1/15,2015,1/3/05,1/3/07,-38,
SiM-ID02,"Simpson, Michael K.",M,9/8/50,Republican,ID,2,109,CongMikeSimpson,1,9/1/09,2009,1/3/05,1/3/07,-45,
RoS-NJ09,"Rothman, Steven R.",M,10/14/52,Democratic,NJ,9,109,CongRothman,1,9/1/11,2011,1/3/05,1/3/07,-47,
MaC-FL14,"Mack, Connie",M,8/12/67,Republican,FL,14,109,ConnieMackIV,1,3/1/09,2009,1/3/05,1/3/07,-62,
CoJ-TN05,"Cooper, Jim",M,6/19/54,Democratic,TN,5,109,CoopForCongress,1,6/1/12,2012,1/3/05,1/3/07,-49,
ShC-CT04,"Shays, Christopher",M,10/18/45,Republican,CT,4,109,CShays,1,5/1/08,2008,1/3/05,1/3/07,-40,
McC-GA04,"McKinney, Cynthia A.",F,3/17/55,Democratic,GA,4,109,cynthiamckinney,1,1/1/09,2009,1/3/05,1/3/07,-50,
BoD-OK02,"Boren, Dan",M,8/2/73,Democratic,OK,2,109,DanBorenOK,1,4/1/20,2020,1/3/05,1/3/07,31,
BuD-IN05,"Burton, Dan",M,6/21/38,Republican,IN,5,109,danburton,1,7/1/08,2008,1/3/05,1/3/07,-33,
WuD-OR01,"Wu, David",M,4/8/55,Democratic,OR,1,109,DavidWu2010,1,9/1/10,2010,1/3/05,1/3/07,-50,
ChD-VI00,"Christensen, Donna M.",F,9/19/45,Democratic,VI,0,109,DelegateDonna,1,3/1/11,2011,1/3/05,1/3/07,-40,
KuD-OH10,"Kucinich, Dennis J.",M,11/8/46,Democratic,OH,10,109,Dennis_Kucinich,1,6/1/08,2008,1/3/05,1/3/07,-41,
NuD-CA22,"Nunes, Devin",M,10/1/73,Republican,CA,22,109,DevinNunes,1,7/1/09,2009,1/3/05,1/3/07,31,
HaD-WA04,"Hastings, Doc",M,2/7/41,Republican,WA,4,109,DocHastings,1,10/1/11,2011,1/3/05,1/3/07,-36,
MaD-CA07,"Matsui, Doris O.",F,9/25/44,Democratic,CA,7,109,DorisMatsui,1,5/1/09,2009,1/3/05,1/3/07,-39,
WeD-FL15,"Weldon, Dave",M,8/31/53,Republican,FL,15,109,DrDaveWeldon,1,5/1/12,2012,1/3/05,1/3/07,-48,
GiP-GA11,"Gingrey, Phil",M,7/10/42,Republican,GA,11,109,DrPhilGingrey,1,4/1/09,2009,1/3/05,1/3/07,-37,
RoE-CA39,"Royce, Edward R.",M,12/12/51,Republican,CA,39,109,EdRRoyce,1,8/1/10,2010,1/3/05,1/3/07,-46,
ToE-NY10,"Towns, Edolphus",M,7/21/34,Democratic,NY,10,109,EdTowns,1,3/1/10,2010,1/3/05,1/3/07,-29,
NoE-DC00,"Norton, Eleanor Holmes",F,6/13/37,Democratic,DC,0,109,EleanorNorton,1,3/1/09,2009,1/3/05,1/3/07,-32,
CaE-VA07,"Cantor, Eric",M,6/6/63,Republican,VA,7,109,EricCantor,1,1/1/09,2009,1/3/05,1/3/07,-58,
WoF-VA10,"Wolf, Frank R.",M,1/30/39,Republican,VA,10,109,fmrRepWolf,1,1/1/11,2011,1/3/05,1/3/07,-34,
LoF-NJ02,"LoBiondo, Frank A.",M,5/12/46,Republican,NJ,2,109,FrankLoBiondoNJ,1,1/1/11,2011,1/3/05,1/3/07,-41,
PaF-NJ06,"Pallone, Frank, Jr.",M,10/30/51,Democratic,NJ,6,109,FrankPallone,1,4/1/09,2009,1/3/05,1/3/07,-46,
TaG-MS04,"Taylor, Gene",M,9/17/53,Democratic,MS,4,109,GeneTaylor4MS,1,3/1/14,2014,1/3/05,1/3/07,-48,
GeJ-PA06,"Gerlach, Jim",M,2/25/55,Republican,PA,6,109,GerlachforPA,1,5/1/09,2009,1/3/05,1/3/07,-50,
GuG-MN01,"Gutknecht, Gil",M,3/20/51,Republican,MN,1,109,gilgman,1,10/1/14,2014,1/3/05,1/3/07,-46,
BrG-FL05,"Brown-Waite, Ginny",F,10/5/43,Republican,FL,5,109,GinnyBrownWaite,1,1/1/10,2010,1/3/05,1/3/07,-38,
BuG-NC01,"Butterfield, G. K.",M,4/27/47,Democratic,NC,1,109,GKButterfield,1,12/1/11,2011,1/3/05,1/3/07,-42,
InJ-WA01,"Inslee, Jay",M,2/9/51,Democratic,WA,1,109,GovInslee,1,1/1/13,2013,1/3/05,1/3/07,-46,
NaG-CA31,"Napolitano, Grace F.",F,12/4/36,Democratic,CA,31,109,gracenapolitano,1,6/1/10,2010,1/3/05,1/3/07,-31,
FoH-TN09,"Ford, Harold E., Jr.",M,5/11/70,Democratic,TN,9,109,HaroldFordJr,1,7/1/09,2009,1/3/05,1/3/07,34,
HaM-PA04,"Hart, Melissa A.",F,4/4/62,Republican,PA,4,109,HartofPgh,1,7/1/14,2014,1/3/05,1/3/07,-57,
WiH-NM01,"Wilson, Heather",F,12/30/60,Republican,NM,1,109,HeatherAnWilson,1,3/1/11,2011,1/3/05,1/3/07,-56,
SoH-CA32,"Solis, Hilda L.",F,10/20/57,Democratic,CA,32,109,HildaSolis,1,3/1/14,2014,1/3/05,1/3/07,-52,
BeH-CA28,"Berman, Howard L.",M,4/15/41,Democratic,CA,28,109,HowardBerman,1,11/1/11,2011,1/3/05,1/3/07,-36,
CoH-NC06,"Coble, Howard",M,3/18/31,Republican,NC,6,109,HowardCoble,1,6/1/11,2011,1/3/05,1/3/07,-26,
SkI-MO04,"Skelton, Ike",M,12/20/31,Democratic,MO,4,109,IkeSkelton,1,1/1/10,2010,1/3/05,1/3/07,-26,
WaZ-TN03,"Wamp, Zach",M,10/28/57,Republican,TN,3,109,IOWamp,1,4/1/17,2017,1/3/05,1/3/07,-52,
IsE-OK05,"Istook, Ernest J., Jr.",M,2/11/50,Republican,OK,5,109,Istook,1,7/1/08,2008,1/3/05,1/3/07,-45,
KiJ-GA01,"Kingston, Jack",M,4/24/55,Republican,GA,1,109,JackKingston,1,4/1/09,2009,1/3/05,1/3/07,-50,
JaS-TX18,"Jackson Lee, Sheila",F,1/12/50,Democratic,TX,18,109,JacksonLeeTX18,1,1/1/09,2009,1/3/05,1/3/07,-45,
HaJ-CA36,"Harman, Jane",F,6/28/45,Democratic,CA,36,109,JaneHarmanCA,1,8/1/22,2022,1/3/05,1/3/07,-40,
FlJ-AZ06,"Flake, Jeff",M,12/31/62,Republican,AZ,6,109,JeffFlake,1,8/1/08,2008,1/3/05,1/3/07,-58,
FoJ-NE01,"Fortenberry, Jeff",M,12/27/60,Republican,NE,1,109,JeffFortenberry,1,1/1/09,2009,1/3/05,1/3/07,-56,
MoJ-KS01,"Moran, Jerry",M,5/29/54,Republican,KS,1,109,JerryMoran,1,1/1/09,2009,1/3/05,1/3/07,-49,
WeJ-IL11,"Weller, Jerry",M,7/7/57,Republican,IL,11,109,JerryWeller1,1,12/1/13,2013,1/3/05,1/3/07,-52,
MoJ-VA08,"Moran, James P.",M,5/16/45,Democratic,VA,8,109,Jim_Moran,1,6/1/09,2009,1/3/05,1/3/07,-40,
LaJ-RI02,"Langevin, James R.",M,4/22/64,Democratic,RI,2,109,JimLangevin,1,1/1/09,2009,1/3/05,1/3/07,-59,
NuJ-IA01,"Nussle, Jim",M,6/27/60,Republican,IA,1,109,JimNussle,1,2/1/09,2009,1/3/05,1/3/07,-55,
ObJ-MN08,"Oberstar, James L.",M,9/10/34,Democratic,MN,8,109,JimOberstar,1,2/9/09,2009,1/3/05,1/3/07,-29,
RyJ-KS02,"Ryun, Jim",M,4/29/47,Republican,KS,2,109,jimryun,1,12/1/09,2009,1/3/05,1/3/07,-42,
CrJ-NY14,"Crowley, Joseph",M,3/16/62,Democratic,NY,14,109,JoeCrowleyNY,1,2/1/10,2010,1/3/05,1/3/07,-57,
PiJ-PA16,"Pitts, Joseph R.",M,10/10/39,Republican,PA,16,109,JoePitts4PA,1,2/1/10,2010,1/3/05,1/3/07,-34,
BaJ-GA12,"Barrow, John",M,10/31/55,Democratic,GA,12,109,JohnBarrowMC,1,4/1/20,2020,1/3/05,1/3/07,-50,
BoJ-AR03,"Boozman, John",M,12/10/50,Republican,AR,3,109,JohnBoozman,1,4/1/07,2007,1/3/05,1/3/07,-45,1.00
CuJ-TX07,"Culberson, John Abney",M,8/24/56,Republican,TX,7,109,johnculberson,1,5/1/08,2008,1/3/05,1/3/07,-51,
DiJ-MI12,"Dingell, John D.",M,7/8/26,Democratic,MI,12,109,JohnDingell,1,1/1/10,2010,1/3/05,1/3/07,-21,
PoJ-NV03,"Porter, Jon C.",M,5/16/55,Republican,NV,3,109,jportertweets,1,10/1/11,2011,1/3/05,1/3/07,-50,
DoJ-CA04,"Doolittle, John T.",M,10/30/50,Republican,CA,4,109,jtdoolittle1950,1,9/1/14,2014,1/3/05,1/3/07,-45,
CaJ-TX31,"Carter, John R.",M,11/6/41,Republican,TX,31,109,JudgeCarter,1,12/1/08,2008,1/3/05,1/3/07,-36,
PoT-TX02,"Poe, Ted",M,9/10/48,Republican,TX,2,109,JudgeTedPoe,1,9/1/09,2009,1/3/05,1/3/07,-43,
BiJ-IL13,"Biggert, Judy",F,8/15/37,Republican,IL,13,109,JudyBiggert,1,2/1/09,2009,1/3/05,1/3/07,-32,
KeR-FL08,"Keller, Ric",M,9/5/64,Republican,FL,8,109,keller_ric,1,2/1/19,2019,1/3/05,1/3/07,-59,
CaK-CA41,"Calvert, Ken",M,6/8/53,Republican,CA,41,109,KenCalvert,1,1/1/09,2009,1/3/05,1/3/07,-48,
MeK-FL17,"Meek, Kendrick B.",M,9/6/66,Democratic,FL,17,109,KendrickMeek,1,3/1/09,2009,1/3/05,1/3/07,-61,
ClW-MO01,"Clay, Wm. Lacy",M,7/27/56,Democratic,MO,1,109,LacyClayMO1,1,5/1/12,2012,1/3/05,1/3/07,-51,
SmL-TX21,"Smith, Lamar",M,11/19/47,Republican,TX,21,109,LamarSmithTX21,1,8/1/08,2008,1/3/05,1/3/07,-42,
LaS-OH14,"LaTourette, Steven C.",M,7/22/54,Republican,OH,14,109,LaTourette,1,1/1/09,2009,1/3/05,1/3/07,-49,
TeL-NE02,"Terry, Lee",M,1/29/62,Republican,NE,2,109,LEETERRYNE,1,12/1/08,2008,1/3/05,1/3/07,-57,
BoL-IA03,"Boswell, Leonard L.",M,1/10/34,Democratic,IA,3,109,LeonardBoswell,1,2/1/09,2009,1/3/05,1/3/07,-29,
DiL-FL21,"Diaz-Balart, Lincoln",M,8/13/54,Republican,FL,21,109,LincolnDBalart,1,8/1/12,2012,1/3/05,1/3/07,-49,
LiJ-GA07,"Linder, John",M,9/9/42,Republican,GA,7,109,linderje,1,12/1/13,2013,1/3/05,1/3/07,-37,
SaL-CA46,"Sanchez, Loretta",F,1/7/60,Democratic,CA,46,109,LorettaSanchez,1,1/1/10,2010,1/3/05,1/3/07,-55,
GoL-TX01,"Gohmert, Louie",M,8/18/53,Republican,TX,1,109,LouieGohmertTX1,1,1/1/16,2016,1/3/05,1/3/07,-48,
SlL-NY25,"Slaughter, Louise McIntosh",F,8/14/29,Democratic,NY,25,109,louiseslaughter,1,8/1/09,2009,1/3/05,1/3/07,-24,
LoN-NY17,"Lowey, Nita M.",F,7/5/37,Democratic,NY,17,109,Lowey4Congress,1,8/1/12,2012,1/3/05,1/3/07,-32,
FoL-PR00,"Fortuno, Luis G.",M,10/31/60,Republican,PR,0,109,luisfortuno51,1,8/1/10,2010,1/3/05,1/3/07,-55,
WoL-CA06,"Woolsey, Lynn C.",F,11/3/37,Democratic,CA,6,109,lynnwoolsey,1,4/1/09,2009,1/3/05,1/3/07,-32,
ThM-TX13,"Thornberry, Mac",M,7/15/58,Republican,TX,13,109,MacTXPress,1,9/1/11,2011,1/3/05,1/3/07,-53,
DiM-FL26,"Diaz-Balart, Mario",M,9/25/61,Republican,FL,26,109,MarioDB,1,1/1/09,2009,1/3/05,1/3/07,-56,
UdM-CO02,"Udall, Mark",M,7/18/50,Democratic,CO,2,109,MarkUdall,1,8/1/07,2007,1/3/05,1/3/07,-45,1.00
BlM-TN07,"Blackburn, Marsha",F,6/6/52,Republican,TN,7,109,MarshaBlackburn,1,4/1/11,2011,1/3/05,1/3/07,-47,
MeM-MA05,"Meehan, Martin T.",M,12/30/56,Democratic,MA,5,109,MartyMeehan,1,11/1/15,2015,1/3/05,1/3/07,-52,
BoM-CA45,"Bono Mack, Mary",F,10/24/61,Republican,CA,45,109,MaryBonoUSA,1,1/1/09,2009,1/3/05,1/3/07,-56,
HiM-NY22,"Hinchey, Maurice D.",M,10/27/38,Democratic,NY,22,109,mauricehinchey,1,9/1/09,2009,1/3/05,1/3/07,-33,
MeC-LA03,"Melancon, Charlie",M,10/3/47,Democratic,LA,3,109,melancon2010,1,8/1/09,2009,1/3/05,1/3/07,-42,
BuM-TX26,"Burgess, Michael C.",M,12/23/50,Republican,TX,26,109,michaelcburgess,1,8/1/08,2008,1/3/05,1/3/07,-46,
MiM-ME02,"Michaud, Michael H.",M,1/18/55,Democratic,ME,2,109,Michaud2014,1,6/1/13,2013,1/3/05,1/3/07,-50,
PeM-IN06,"Pence, Mike",M,6/7/59,Republican,IN,6,109,Mike_Pence,1,2/1/09,2009,1/3/05,1/3/07,-54,
CaM-MA07,"Capuano, Michael E.",M,1/9/52,Democratic,MA,7,109,mikecapuano,1,9/1/09,2009,1/3/05,1/3/07,-47,
McM-NC07,"McIntyre, Mike",M,8/6/56,Democratic,NC,7,109,MikeMcIntyreNC,1,6/1/09,2009,1/3/05,1/3/07,-51,
RoM-AR04,"Ross, Mike",M,8/2/61,Democratic,AR,4,109,MikeRossUpdates,1,1/1/10,2010,1/3/05,1/3/07,-56,
DeN-GA09,"Deal, Nathan",M,8/25/42,Republican,GA,9,109,NathanDeal,1,6/1/09,2009,1/3/05,1/3/07,-37,
AbN-HI01,"Abercrombie, Neil",M,6/26/38,Democratic,HI,1,109,neilabercrombie,1,11/1/07,2007,1/3/05,1/3/07,-33,1.00
VeN-NY07,"Velazquez, Nydia M.",F,3/28/53,Democratic,NY,7,109,NydiaVelazquez,1,7/1/10,2010,1/3/05,1/3/07,-48,
McP-NC10,"McHenry, Patrick T.",M,11/22/75,Republican,NC,10,109,PatrickMcHenry,1,3/1/09,2009,1/3/05,1/3/07,29,
TiP-OH12,"Tiberi, Patrick J.",M,10/21/62,Republican,OH,12,109,PatTiberi,1,10/1/12,2012,1/3/05,1/3/07,-57,
GrA-TX09,"Green, Al",M,9/1/47,Democratic,TX,9,109,RepAlGreen,1,4/1/10,2010,1/3/05,1/3/07,-42,
KaP-PA11,"Kanjorski, Paul E.",M,4/2/37,Democratic,PA,11,109,PaulKanjorski,1,6/1/10,2010,1/3/05,1/3/07,-32,
SeP-TX17,"Sessions, Pete",M,3/22/55,Republican,TX,17,109,PeteSessions,1,1/1/09,2009,1/3/05,1/3/07,-50,
KeP-RI01,"Kennedy, Patrick J.",M,7/14/67,Democratic,RI,1,109,PJK4brainhealth,1,4/1/12,2012,1/3/05,1/3/07,-62,
EmR-IL05,"Emanuel, Rahm",M,11/29/59,Democratic,IL,5,109,RahmEmanuel,1,10/1/10,2010,1/3/05,1/3/07,-54,
HaR-TX04,"Hall, Ralph M.",M,5/3/23,Republican,TX,4,109,RalphHallPress,1,2/1/13,2013,1/3/05,1/3/07,-18,
FoJ-VA04,"Forbes, J. Randy",M,2/17/52,Republican,VA,4,109,Randy_Forbes,1,6/1/08,2008,1/3/05,1/3/07,-47,
NeR-TX19,"Neugebauer, Randy",M,12/24/49,Republican,TX,19,109,RandyNeugebauer,1,4/1/09,2009,1/3/05,1/3/07,-45,
LaR-IL18,"LaHood, Ray",M,12/6/45,Republican,IL,18,109,RayLaHood,1,7/1/13,2013,1/3/05,1/3/07,-40,
ReR-AZ01,"Renzi, Rick",M,6/11/58,Republican,AZ,1,109,RenziRick,1,2/1/19,2019,1/3/05,1/3/07,-53,
ScA-CA30,"Schiff, Adam B.",M,6/22/60,Democratic,CA,30,109,RepAdamSchiff,1,4/1/09,2009,1/3/05,1/3/07,-55,
SmA-WA09,"Smith, Adam",M,6/15/65,Democratic,WA,9,109,RepAdamSmith,1,3/1/09,2009,1/3/05,1/3/07,-60,
EsA-CA16,"Eshoo, Anna G.",F,12/13/42,Democratic,CA,16,109,RepAnnaEshoo,1,2/1/11,2011,1/3/05,1/3/07,-37,
LeB-CA12,"Lee, Barbara",F,7/16/46,Democratic,CA,12,109,RepBarbaraLee,1,2/1/11,2011,1/3/05,1/3/07,-41,
BaJ-SC03,"Barrett, J. Gresham",M,2/14/61,Republican,SC,3,109,RepBarrett,1,1/1/09,2009,1/3/05,1/3/07,-56,
BlE-OR03,"Blumenauer, Earl",M,8/16/48,Democratic,OR,3,109,repblumenauer,1,8/1/08,2008,1/3/05,1/3/07,-43,
HiB-NY26,"Higgins, Brian",M,10/6/59,Democratic,NY,26,109,RepBrianHiggins,1,4/1/09,2009,1/3/05,1/3/07,-54,
CaD-CA18,"Cardoza, Dennis A.",M,3/31/59,Democratic,CA,18,109,RepCardoza,1,1/1/10,2010,1/3/05,1/3/07,-54,
BaC-NH02,"Bass, Charles F.",M,1/8/52,Republican,NH,2,109,RepCharlesBass,1,1/1/11,2011,1/3/05,1/3/07,-47,
DeC-PA15,"Dent, Charles W.",M,5/24/60,Republican,PA,15,109,RepCharlieDent,1,1/1/11,2011,1/3/05,1/3/07,-55,
ClE-MO05,"Cleaver, Emanuel",M,10/26/44,Democratic,MO,5,109,repcleaver,1,7/1/20,2020,1/3/05,1/3/07,-39,
StC-FL06,"Stearns, Cliff",M,4/16/41,Republican,FL,6,109,RepCliffStearns,1,2/1/09,2009,1/3/05,1/3/07,-36,
CuH-TX28,"Cuellar, Henry",M,9/19/55,Democratic,TX,28,109,RepCuellar,1,11/1/10,2010,1/3/05,1/3/07,-50,
CuE-MD07,"Cummings, Elijah E.",M,1/18/51,Democratic,MD,7,109,RepCummings,1,8/1/12,2012,1/3/05,1/3/07,-46,
LuD-CA03,"Lungren, Daniel E.",M,9/22/46,Republican,CA,3,109,RepDanLungren,1,9/1/11,2011,1/3/05,1/3/07,-41,
DaD-IL07,"Davis, Danny K.",M,9/6/41,Democratic,IL,7,109,RepDannyDavis,1,8/1/12,2012,1/3/05,1/3/07,-36,
IsD-CA48,"Issa, Darrell E.",M,11/1/53,Republican,CA,48,109,repdarrellissa,1,8/1/09,2009,1/3/05,1/3/07,-48,
PrD-NC04,"Price, David E.",M,8/17/40,Democratic,NC,4,109,RepDavidEPrice,1,6/1/10,2010,1/3/05,1/3/07,-35,
ScD-GA13,"Scott, David",M,6/27/45,Democratic,GA,13,109,repdavidscott,1,7/1/10,2010,1/3/05,1/3/07,-40,
DeD-CO01,"DeGette, Diana",F,7/29/57,Democratic,CO,1,109,RepDianaDeGette,1,4/1/09,2009,1/3/05,1/3/07,-52,
YoD-AK00,"Young, Don",M,6/9/33,Republican,AK,0,109,repdonyoung,1,5/1/09,2009,1/3/05,1/3/07,-28,
WaD-FL25,"Wasserman Schultz, Debbie",F,9/27/66,Democratic,FL,25,109,RepDWStweets,1,2/1/13,2013,1/3/05,1/3/07,-61,
JoE-TX30,"Johnson, Eddie Bernice",F,12/3/35,Democratic,TX,30,109,RepEBJ,1,7/1/10,2010,1/3/05,1/3/07,-30,
CaE-HI01,"Case, Ed",M,9/27/52,Democratic,HI,1,109,RepEdCase,1,1/1/19,2019,1/3/05,1/3/07,-47,
WhE-KY01,"Whitfield, Ed",M,5/25/43,Republican,KY,1,109,RepEdWhitfield,1,1/1/11,2011,1/3/05,1/3/07,-38,
EnE-NY16,"Engel, Eliot L.",M,2/18/47,Democratic,NY,16,109,RepEliotEngel,1,7/1/10,2010,1/3/05,1/3/07,-42,
FiM-PA08,"Fitzpatrick, Michael G.",M,6/28/63,Republican,PA,8,109,RepFitzpatrick,1,1/1/11,2011,1/3/05,1/3/07,-58,
LuF-OK03,"Lucas, Frank D.",M,1/6/60,Republican,OK,3,109,RepFrankLucas,1,1/1/11,2011,1/3/05,1/3/07,-55,
UpF-MI06,"Upton, Fred",M,4/23/53,Republican,MI,6,109,RepFredUpton,1,3/1/10,2010,1/3/05,1/3/07,-48,
GaS-NJ05,"Garrett, Scott",M,7/9/59,Republican,NJ,5,109,RepGarrett,1,11/1/12,2012,1/3/05,1/3/07,-54,
AcG-NY05,"Ackerman, Gary L.",M,11/19/42,Democratic,NY,5,109,RepGaryAckerman,1,11/1/09,2009,1/3/05,1/3/07,-37,
MiG-CA31,"Miller, Gary G.",M,10/16/48,Republican,CA,31,109,RepGaryMiller,1,6/1/10,2010,1/3/05,1/3/07,-43,
DaG-KY04,"Davis, Geoff",M,10/26/58,Republican,KY,4,109,RepGeoffDavis,1,1/1/11,2011,1/3/05,1/3/07,-53,
GoB-VA06,"Goodlatte, Bob",M,9/22/52,Republican,VA,6,109,RepGoodlatte,1,5/1/09,2009,1/3/05,1/3/07,-47,
MeG-NY05,"Meeks, Gregory W.",M,9/25/53,Democratic,NY,5,109,RepGregoryMeeks,1,3/1/09,2009,1/3/05,1/3/07,-48,
WaG-OR02,"Walden, Greg",M,1/10/57,Republican,OR,2,109,repgregwalden,1,4/1/09,2009,1/3/05,1/3/07,-52,
GuL-IL04,"Gutierrez, Luis V.",M,12/10/53,Democratic,IL,4,109,RepGutierrez,1,5/1/09,2009,1/3/05,1/3/07,-48,
MoG-WI04,"Moore, Gwen",F,4/18/51,Democratic,WI,4,109,RepGwenMoore,1,1/1/09,2009,1/3/05,1/3/07,-46,
RoH-KY05,"Rogers, Harold",M,12/31/37,Republican,KY,5,109,RepHalRogers,1,4/1/12,2012,1/3/05,1/3/07,-33,
HeJ-TX05,"Hensarling, Jeb",M,5/29/57,Republican,TX,5,109,RepHensarling,1,1/1/09,2009,1/3/05,1/3/07,-52,
LeJ-CA41,"Lewis, Jerry",M,10/21/34,Republican,CA,41,109,RepJerryLewis,1,9/1/09,2009,1/3/05,1/3/07,-29,
NaJ-NY12,"Nadler, Jerrold",M,6/13/47,Democratic,NY,12,109,RepJerryNadler,1,5/1/09,2009,1/3/05,1/3/07,-42,
CoJ-CA21,"Costa, Jim",M,4/13/52,Democratic,CA,21,109,RepJimCosta,1,1/1/11,2011,1/3/05,1/3/07,-47,
MaJ-UT04,"Matheson, Jim",M,3/21/60,Democratic,UT,4,109,RepJimMatheson,1,6/1/09,2009,1/3/05,1/3/07,-55,
McJ-WA07,"McDermott, Jim",M,12/28/36,Democratic,WA,7,109,RepJimMcDermott,1,4/1/10,2010,1/3/05,1/3/07,-32,
BaJ-TX06,"Barton, Joe",M,9/15/49,Republican,TX,6,109,RepJoeBarton,1,2/1/09,2009,1/3/05,1/3/07,-44,
WiJ-SC02,"Wilson, Joe",M,7/31/47,Republican,SC,2,109,RepJoeWilson,1,2/1/11,2011,1/3/05,1/3/07,-42,
CoJ-MI13,"Conyers, John, Jr.",M,5/16/29,Democratic,MI,13,109,RepJohnConyers,1,4/1/10,2010,1/3/05,1/3/07,-24,
DuJ-TN02,"Duncan, John J., Jr.",M,7/21/47,Republican,TN,2,109,RepJohnDuncanJr,1,9/1/13,2013,1/3/05,1/3/07,-42,
KlJ-MN02,"Kline, John",M,9/6/47,Republican,MN,2,109,repjohnkline,1,9/1/09,2009,1/3/05,1/3/07,-42,
LaJ-CT01,"Larson, John B.",M,7/22/48,Democratic,CT,1,109,RepJohnLarson,1,6/1/09,2009,1/3/05,1/3/07,-43,
LeJ-GA05,"Lewis, John",M,2/21/40,Democratic,GA,5,109,repjohnlewis,1,4/1/09,2009,1/3/05,1/3/07,-35,
ShJ-AZ03,"Shadegg, John B.",M,10/22/49,Republican,AZ,3,109,RepJohnShadegg,1,9/1/09,2009,1/3/05,1/3/07,-44,
SeJ-NY15,"Serrano, Jose E.",M,10/24/43,Democratic,NY,15,109,RepJoseSerrano,1,4/1/09,2009,1/3/05,1/3/07,-38,
GrK-TX12,"Granger, Kay",F,1/18/43,Republican,TX,12,109,RepKayGranger,1,7/1/10,2010,1/3/05,1/3/07,-38,
MaK-TX24,"Marchant, Kenny",M,2/23/51,Republican,TX,24,109,RepKenMarchant,1,3/1/09,2009,1/3/05,1/3/07,-46,
SaL-CA38,"Sanchez, Linda T.",F,1/28/69,Democratic,CA,38,109,replindasanchez,1,6/1/11,2011,1/3/05,1/3/07,-64,
LiD-IL03,"Lipinski, Daniel",M,7/15/66,Democratic,IL,3,109,RepLipinski,1,12/1/12,2012,1/3/05,1/3/07,-61,
DoL-TX37,"Doggett, Lloyd",M,10/6/46,Democratic,TX,37,109,RepLloydDoggett,1,6/1/10,2010,1/3/05,1/3/07,-41,
CaL-CA24,"Capps, Lois",F,1/10/38,Democratic,CA,24,109,RepLoisCapps,1,5/1/11,2011,1/3/05,1/3/07,-33,
MaC-NY12,"Maloney, Carolyn B.",F,2/19/46,Democratic,NY,12,109,RepMaloney,1,2/1/11,2011,1/3/05,1/3/07,-41,
KaM-OH09,"Kaptur, Marcy",F,6/17/46,Democratic,OH,9,109,RepMarcyKaptur,1,5/1/12,2012,1/3/05,1/3/07,-41,
GrM-WI08,"Green, Mark",M,6/1/60,Republican,WI,8,109,RepMarkGreen,1,1/1/19,2019,1/3/05,1/3/07,-55,
WaM-CA43,"Waters, Maxine",F,8/15/38,Democratic,CA,43,109,RepMaxineWaters,1,4/1/09,2009,1/3/05,1/3/07,-33,
McC-NY04,"McCarthy, Carolyn",F,1/5/44,Democratic,NY,4,109,RepMcCarthyNY,1,6/1/10,2010,1/3/05,1/3/07,-39,
McM-TX10,"McCaul, Michael T.",M,1/14/62,Republican,TX,10,109,RepMcCaul,1,3/1/09,2009,1/3/05,1/3/07,-57,
McJ-MA02,"McGovern, James P.",M,11/20/59,Democratic,MA,2,109,RepMcGovern,1,1/1/11,2011,1/3/05,1/3/07,-54,
MeR-NJ13,"Menendez, Robert",M,1/1/54,Democratic,NJ,13,109,RepMenendez,1,12/1/22,2022,1/3/05,1/3/07,-49,
HoM-CA17,"Honda, Michael M.",M,6/27/41,Democratic,CA,17,109,RepMikeHonda,1,10/1/08,2008,1/3/05,1/3/07,-36,
RoM-MI08,"Rogers, Mike J.",M,6/2/63,Republican,MI,8,109,RepMikeRogers,1,6/1/10,2010,1/3/05,1/3/07,-58,
RoM-AL03,"Rogers, Mike D.",M,7/16/58,Republican,AL,3,109,repmikerogersal,1,4/1/09,2009,1/3/05,1/3/07,-53,
TuM-OH10,"Turner, Michael R.",M,1/11/60,Republican,OH,10,109,RepMikeTurner,1,6/1/09,2009,1/3/05,1/3/07,-55,
RaN-WV03,"Rahall, Nick J., II",M,5/20/49,Democratic,WV,3,109,RepNickRahall,1,2/1/14,2014,1/3/05,1/3/07,-44,
KiP-NY02,"King, Peter T.",M,4/5/44,Republican,NY,2,109,RepPeteKing,1,12/1/08,2008,1/3/05,1/3/07,-39,
DeP-OR04,"DeFazio, Peter A.",M,5/27/47,Democratic,OR,4,109,RepPeterDeFazio,1,2/1/11,2011,1/3/05,1/3/07,-42,
RaG-CA19,"Radanovich, George",M,6/20/55,Republican,CA,19,109,RepRadanovich,1,2/1/09,2009,1/3/05,1/3/07,-50,
GrR-AZ07,"Grijalva, Ra̼l M.",M,2/19/48,Democratic,AZ,7,109,RepRaulGrijalva,1,4/1/09,2009,1/3/05,1/3/07,-43,
NeR-MA01,"Neal, Richard E.",M,2/14/49,Democratic,MA,1,109,RepRichardNeal,1,12/1/11,2011,1/3/05,1/3/07,-44,
LaR-WA02,"Larsen, Rick",M,6/15/55,Democratic,WA,2,109,RepRickLarsen,1,11/1/11,2011,1/3/05,1/3/07,-50,
KiR-WI03,"Kind, Ron",M,3/16/63,Democratic,WI,3,109,RepRonKind,1,2/1/10,2010,1/3/05,1/3/07,-58,
RoL-CA40,"Roybal-Allard, Lucille",F,6/12/41,Democratic,CA,40,109,RepRoybalAllard,1,1/1/12,2012,1/3/05,1/3/07,-36,
GrS-MO06,"Graves, Sam",M,11/7/63,Republican,MO,6,109,RepSamGraves,1,4/1/09,2009,1/3/05,1/3/07,-58,
LeS-MI09,"Levin, Sander M.",M,9/6/31,Democratic,MI,9,109,repsandylevin,1,3/1/09,2009,1/3/05,1/3/07,-26,
ScJ-IL09,"Schakowsky, Janice D.",F,5/26/44,Democratic,IL,9,109,RepSchakowsky,1,10/1/09,2009,1/3/05,1/3/07,-39,
ShJ-IL15,"Shimkus, John",M,2/21/58,Republican,IL,15,109,RepShimkus,1,7/1/08,2008,1/3/05,1/3/07,-53,
LyS-MA08,"Lynch, Stephen F.",M,3/31/55,Democratic,MA,8,109,RepStephenLynch,1,6/1/11,2011,1/3/05,1/3/07,-50,
ChS-OH01,"Chabot, Steve",M,1/22/53,Republican,OH,1,109,RepSteveChabot,1,1/1/11,2011,1/3/05,1/3/07,-48,
IsS-NY03,"Israel, Steve",M,5/30/58,Democratic,NY,3,109,RepSteveIsrael,1,2/1/09,2009,1/3/05,1/3/07,-53,
ThM-CA04,"Thompson, Mike",M,1/24/51,Democratic,CA,4,109,RepThompson,1,5/1/11,2011,1/3/05,1/3/07,-46,
TiJ-MA06,"Tierney, John F.",M,9/18/51,Democratic,MA,6,109,RepTierney,1,10/1/11,2011,1/3/05,1/3/07,-46,
JoT-IL15,"Johnson, Timothy V.",M,7/23/46,Republican,IL,15,109,RepTimJohnson,1,2/1/11,2011,1/3/05,1/3/07,-41,
RyT-OH13,"Ryan, Tim",M,7/16/73,Democratic,OH,13,109,RepTimRyan,1,2/1/08,2008,1/3/05,1/3/07,31,
AkW-MO02,"Akin, W. Todd",M,7/5/47,Republican,MO,2,109,REPTODDAKlN,1,8/1/12,2012,1/3/05,1/3/07,-42,
PrT-GA06,"Price, Tom",M,10/8/54,Republican,GA,6,109,RepTomPrice,1,6/1/07,2007,1/3/05,1/3/07,-49,1.00
ViP-IN01,"Visclosky, Peter J.",M,8/13/49,Democratic,IN,1,109,RepVisclosky,1,9/1/10,2010,1/3/05,1/3/07,-44,
JoW-NC03,"Jones, Walter B., Jr.",M,2/10/43,Republican,NC,3,109,RepWalterJones,1,3/1/09,2009,1/3/05,1/3/07,-38,
WaH-CA33,"Waxman, Henry A.",M,9/12/39,Democratic,CA,33,109,RepWaxman,1,8/1/12,2012,1/3/05,1/3/07,-34,
LoZ-CA18,"Lofgren, Zoe",F,12/21/47,Democratic,CA,18,109,RepZoeLofgren,1,3/1/11,2011,1/3/05,1/3/07,-42,
PoR-CA11,"Pombo, Richard W.",M,1/8/61,Republican,CA,11,109,richardpombo,1,1/1/10,2010,1/3/05,1/3/07,-56,
BoR-VA09,"Boucher, Rick",M,8/1/46,Democratic,VA,9,109,rickboucherdc,1,6/1/18,2018,1/3/05,1/3/07,-41,
BiR-UT01,"Bishop, Rob",M,7/13/51,Republican,UT,1,109,RobBishopUT,1,3/1/16,2016,1/3/05,1/3/07,-46,
AdR-AL04,"Aderholt, Robert B.",M,7/22/65,Republican,AL,4,109,Robert_Aderholt,1,9/1/09,2009,1/3/05,1/3/07,-60,
PoR-OH02,"Portman, Rob",M,12/19/55,Republican,OH,2,109,robportman,1,7/1/14,2014,1/3/05,1/3/07,-50,
SiR-CT02,"Simmons, Rob",M,2/11/43,Republican,CT,2,109,RobSimmons,1,3/1/09,2009,1/3/05,1/3/07,-38,
PaR-TX14,"Paul, Ron",M,8/20/35,Republican,TX,14,109,RonPaul,1,4/1/11,2011,1/3/05,1/3/07,-30,
DeR-CT03,"DeLauro, Rosa L.",F,3/2/43,Democratic,CT,3,109,rosadelauro,1,5/1/10,2010,1/3/05,1/3/07,-38,
BaR-MD06,"Bartlett, Roscoe G.",M,6/3/26,Republican,MD,6,109,Roscoe_Bartlett,1,12/1/11,2011,1/3/05,1/3/07,-21,
RoI-FL27,"Ros-Lehtinen, Ileana",F,7/15/52,Republican,FL,27,109,RosLehtinen,1,4/1/08,2008,1/3/05,1/3/07,-47,
BlR-MO07,"Blunt, Roy",M,1/10/50,Republican,MO,7,109,RoyBlunt,1,2/1/09,2009,1/3/05,1/3/07,-45,
HoR-NJ12,"Holt, Rush",M,10/15/48,Democratic,NJ,12,109,RushHolt,1,2/1/10,2010,1/3/05,1/3/07,-43,
JoS-TX03,"Johnson, Sam",M,10/11/30,Republican,TX,3,109,SamsPressShop,1,2/1/11,2011,1/3/05,1/3/07,-25,
BiS-GA02,"Bishop, Sanford D., Jr.",M,2/4/47,Democratic,GA,2,109,SanfordBishop,1,2/1/11,2011,1/3/05,1/3/07,-42,
BeX-CA34,"Becerra, Xavier",M,1/26/58,Democratic,CA,34,109,SecBecerra,1,3/1/21,2021,1/3/05,1/3/07,-53,
BaT-WI02,"Baldwin, Tammy",F,2/11/62,Democratic,WI,2,109,SenatorBaldwin,1,1/1/13,2013,1/3/05,1/3/07,-57,
CaB-MD03,"Cardin, Benjamin L.",M,10/5/43,Democratic,MD,3,109,SenatorCardin,1,1/1/10,2010,1/3/05,1/3/07,-38,
KiM-IL10,"Kirk, Mark Steven",M,9/15/59,Republican,IL,10,109,SenatorKirk,1,11/1/10,2010,1/3/05,1/3/07,-54,
UdT-NM03,"Udall, Tom",M,5/18/48,Democratic,NM,3,109,SenatorTomUdall,1,7/1/09,2009,1/3/05,1/3/07,-43,
WiR-MS01,"Wicker, Roger F.",M,7/5/51,Republican,MS,1,109,SenatorWicker,1,3/1/11,2011,1/3/05,1/3/07,-46,
CaS-WV02,"Capito, Shelley Moore",F,11/26/53,Republican,WV,2,109,SenCapito,1,9/1/10,2010,1/3/05,1/3/07,-48,
BrJ-NH01,"Bradley, Jeb",M,10/20/52,Republican,NH,1,109,SenJeb,1,3/1/10,2010,1/3/05,1/3/07,-47,
MaE-MA07,"Markey, Edward J.",M,7/11/46,Democratic,MA,7,109,SenMarkey,1,2/1/09,2009,1/3/05,1/3/07,-41,
SaB-VT00,"Sanders, Bernard",M,9/8/41,Independent,VT,0,109,SenSanders,1,4/1/09,2009,1/3/05,1/3/07,-36,
BrS-OH13,"Brown, Sherrod",M,11/9/52,Democratic,OH,13,109,SenSherrodBrown,1,6/1/09,2009,1/3/05,1/3/07,-47,
SeS-TX22,"Sekula Gibbs, Shelley",F,6/22/53,Republican,TX,22,109,ShelleySekula,1,8/1/14,2014,1/3/05,1/3/07,-48,
ShB-PA09,"Shuster, Bill",M,1/10/61,Republican,PA,9,109,ShusterForPA9,1,9/1/12,2012,1/3/05,1/3/07,-56,
ReS-TX16,"Reyes, Silvestre",M,11/10/44,Democratic,TX,16,109,SilvestreReyes,1,2/1/10,2010,1/3/05,1/3/07,-39,
SoM-IN09,"Sodrel, Michael E.",M,12/17/45,Republican,IN,9,109,SodrelMike,1,2/1/22,2022,1/3/05,1/3/07,-40,
BoJ-OH08,"Boehner, John A.",M,11/17/49,Republican,OH,8,109,SpeakerBoehner,1,7/1/07,2007,1/3/05,1/3/07,-44,1.00
PeN-CA11,"Pelosi, Nancy",F,3/26/40,Democratic,CA,11,109,SpeakerPelosi,1,8/1/08,2008,1/3/05,1/3/07,-35,
RyP-WI01,"Ryan, Paul D.",M,1/29/70,Republican,WI,1,109,SpeakerRyan,1,1/1/09,2009,1/3/05,1/3/07,34,
HeS-SD00,"Herseth Sandlin, Stephanie",F,12/3/70,Democratic,SD,0,109,StephanieforSD,1,5/1/10,2010,1/3/05,1/3/07,34,
KiS-IA04,"King, Steve",M,5/28/49,Republican,IA,4,109,SteveKingIA,1,6/1/09,2009,1/3/05,1/3/07,-44,
ReD-WA08,"Reichert, David G.",M,8/29/50,Republican,WA,8,109,TeamReichert,1,3/1/10,2010,1/3/05,1/3/07,-45,
SuJ-OK01,"Sullivan, John",M,1/1/65,Republican,OK,1,109,TEAMSullivan,1,11/1/09,2009,1/3/05,1/3/07,-60,
StT-OH06,"Strickland, Ted",M,8/4/41,Democratic,OH,6,109,Ted_Strickland,1,4/1/09,2009,1/3/05,1/3/07,-36,
BiT-NY01,"Bishop, Timothy H.",M,6/1/50,Democratic,NY,1,109,TimBishop2014,1,2/1/12,2012,1/3/05,1/3/07,-45,
HoT-PA17,"Holden, Tim",M,3/5/57,Democratic,PA,17,109,TimHoldenPA17,1,4/1/10,2010,1/3/05,1/3/07,-52,
CoT-OK04,"Cole, Tom",M,4/28/49,Republican,OK,4,109,TomColeOK04,1,3/1/09,2009,1/3/05,1/3/07,-44,
DeT-TX22,"DeLay, Tom",M,4/8/47,Republican,TX,22,109,tomdelay,1,5/1/07,2007,1/3/05,1/3/07,-42,1.00
LaT-IA03,"Latham, Tom",M,7/14/48,Republican,IA,3,109,TomLatham,1,11/1/07,2007,1/3/05,1/3/07,-43,1.00
TaT-CO06,"Tancredo, Thomas G.",M,12/20/45,Republican,CO,6,109,ttancredo,1,8/1/09,2009,1/3/05,1/3/07,-40,
GoC-TX20,"Gonzalez, Charles A.",M,5/5/45,Democratic,TX,20,109,TX20CharlieG,1,1/1/11,2011,1/3/05,1/3/07,-40,
DoM-PA18,"Doyle, Michael F.",M,8/5/53,Democratic,PA,18,109,USRepMikeDoyle,1,5/1/09,2009,1/3/05,1/3/07,-48,
HiR-TX15,"Hinojosa, Ruben",M,8/20/40,Democratic,TX,15,109,USRepRHinojosa,1,1/1/11,2011,1/3/05,1/3/07,-35,
GoV-VA05,"Goode, Virgil H., Jr.",M,10/17/46,Republican,VA,5,109,VirgilGoode,1,6/1/12,2012,1/3/05,1/3/07,-41,
FoV-NC05,"Foxx, Virginia",F,6/29/43,Republican,NC,5,109,virginiafoxx,1,9/1/08,2008,1/3/05,1/3/07,-38,
BrC-FL05,"Brown, Corrine",F,11/11/46,Democratic,FL,5,109,votecorrine,1,6/1/22,2022,1/3/05,1/3/07,-41,
WeL-GA03,"Westmoreland, Lynn A.",M,4/2/50,Republican,GA,3,109,Westmoreland_GA,1,4/1/10,2010,1/3/05,1/3/07,-45,
BoJ-AL01,"Bonner, Jo",M,11/19/59,Republican,AL,1,109,,0,,,1/3/05,1/3/07,-54,
EvT-AL02,"Everett, Terry",M,2/15/37,Republican,AL,2,109,,0,,,1/3/05,1/3/07,-32,
CrR-AL05,"Cramer, Robert E. (Bud), Jr.",M,8/22/47,Democratic,AL,5,109,,0,,,1/3/05,1/3/07,-42,
BeM-AR01,"Berry, Marion",M,8/27/42,Democratic,AR,1,109,,0,,,1/3/05,1/3/07,-37,
SnV-AR02,"Snyder, Vic",M,9/27/47,Democratic,AR,2,109,,0,,,1/3/05,1/3/07,-42,
HaJ-AZ05,"Hayworth, J. D.",M,7/12/58,Republican,AZ,5,109,,0,,,1/3/05,1/3/07,-53,
PaE-AZ07,"Pastor, Ed",M,6/28/43,Democratic,AZ,7,109,,0,,,1/3/05,1/3/07,-38,
KoJ-AZ08,"Kolbe, Jim",M,6/28/42,Republican,AZ,8,109,,0,,,1/3/05,1/3/07,-37,
FrT-AZ08,"Franks, Trent",M,6/19/57,Republican,AZ,8,109,,0,,,1/3/05,1/3/07,-52,
HeW-CA02,"Herger, Wally",M,5/20/45,Republican,CA,2,109,,0,,,1/3/05,1/3/07,-40,
TaE-CA10,"Tauscher, Ellen O.",F,11/15/51,Democratic,CA,10,109,,0,,,1/3/05,1/3/07,-46,
LaT-CA12,"Lantos, Tom",M,2/1/28,Democratic,CA,12,109,,0,,,1/3/05,1/3/07,-23,
StF-CA13,"Stark, Fortney Pete",M,11/11/31,Democratic,CA,13,109,,0,,,1/3/05,1/3/07,-26,
FaS-CA20,"Farr, Sam",M,7/4/41,Democratic,CA,20,109,,0,,,1/3/05,1/3/07,-36,
ThW-CA22,"Thomas, William M.",M,12/6/41,Republican,CA,22,109,,0,,,1/3/05,1/3/07,-36,
GaE-CA24,"Gallegly, Elton",M,3/7/44,Republican,CA,24,109,,0,,,1/3/05,1/3/07,-39,
DrD-CA26,"Dreier, David",M,7/5/52,Republican,CA,26,109,,0,,,1/3/05,1/3/07,-47,
WaD-CA33,"Watson, Diane E.",F,11/12/33,Democratic,CA,33,109,,0,,,1/3/05,1/3/07,-28,
MiJ-CA37,"Millender-McDonald, Juanita",F,9/7/38,Democratic,CA,37,109,,0,,,1/3/05,1/3/07,-33,
BaJ-CA43,"Baca, Joe",M,1/23/47,Democratic,CA,43,109,,0,,,1/3/05,1/3/07,-42,
CaJ-CA45,"Campbell, John",M,7/19/55,Republican,CA,45,109,,0,,,1/3/05,1/3/07,-50,
CoC-CA48,"Cox, Christopher",M,10/16/52,Republican,CA,48,109,,0,,,1/3/05,1/3/07,-47,
RoD-CA48,"Rohrabacher, Dana",M,6/21/47,Republican,CA,48,109,,0,,,1/3/05,1/3/07,-42,
CuR-CA50,"Cunningham, Randy (Duke)",M,12/8/41,Republican,CA,50,109,,0,,,1/3/05,1/3/07,-36,
HuD-CA52,"Hunter, Duncan",M,5/31/48,Republican,CA,52,109,,0,,,1/3/05,1/3/07,-43,
DaS-CA53,"Davis, Susan A.",F,4/13/44,Democratic,CA,53,109,,0,,,1/3/05,1/3/07,-39,
SaJ-CO03,"Salazar, John T.",M,7/21/53,Democratic,CO,3,109,,0,,,1/3/05,1/3/07,-48,
MuM-CO04,"Musgrave, Marilyn N.",F,1/27/49,Republican,CO,4,109,,0,,,1/3/05,1/3/07,-44,
HeJ-CO05,"Hefley, Joel",M,4/18/35,Republican,CO,5,109,,0,,,1/3/05,1/3/07,-30,
BeB-CO07,"Beauprez, Bob",M,9/22/48,Republican,CO,7,109,,0,,,1/3/05,1/3/07,-43,
JoN-CT05,"Johnson, Nancy L.",F,1/5/35,Republican,CT,5,109,,0,,,1/3/05,1/3/07,-30,
CaM-DE00,"Castle, Michael N.",M,7/2/39,Republican,DE,0,109,,0,,,1/3/05,1/3/07,-34,
MiJ-FL01,"Miller, Jeff",M,6/27/59,Republican,FL,1,109,,0,,,1/3/05,1/3/07,-54,
BoA-FL02,"Boyd, Allen",M,6/6/45,Democratic,FL,2,109,,0,,,1/3/05,1/3/07,-40,
MiJ-FL07,"Mica, John L.",M,1/27/43,Republican,FL,7,109,,0,,,1/3/05,1/3/07,-38,
BiM-FL09,"Bilirakis, Michael",M,7/16/30,Republican,FL,9,109,,0,,,1/3/05,1/3/07,-25,
DaJ-FL11,"Davis, Jim",M,11/11/57,Democratic,FL,11,109,,0,,,1/3/05,1/3/07,-52,
YoC-FL13,"Young, C. W. Bill",M,12/16/30,Republican,FL,13,109,,0,,,1/3/05,1/3/07,-25,
HaK-FL13,"Harris, Katherine",F,4/5/57,Republican,FL,13,109,,0,,,1/3/05,1/3/07,-52,
FoM-FL16,"Foley, Mark",M,9/8/54,Republican,FL,16,109,,0,,,1/3/05,1/3/07,-49,
WeR-FL19,"Wexler, Robert",M,1/2/61,Democratic,FL,19,109,,0,,,1/3/05,1/3/07,-56,
ShE-FL22,"Shaw, E. Clay, Jr.",M,4/19/39,Republican,FL,22,109,,0,,,1/3/05,1/3/07,-34,
FeT-FL24,"Feeney, Tom",M,5/21/58,Republican,FL,24,109,,0,,,1/3/05,1/3/07,-53,
MaJ-GA08,"Marshall, Jim",M,3/31/48,Democratic,GA,8,109,,0,,,1/3/05,1/3/07,-43,
NoC-GA10,"Norwood, Charles W.",M,7/27/41,Republican,GA,10,109,,0,,,1/3/05,1/3/07,-36,
LeJ-IA02,"Leach, James A.",M,10/15/42,Republican,IA,2,109,,0,,,1/3/05,1/3/07,-37,
JaJ-IL02,"Jackson, Jesse L., Jr.",M,3/11/65,Democratic,IL,2,109,,0,,,1/3/05,1/3/07,-60,
HyH-IL06,"Hyde, Henry J.",M,4/18/24,Republican,IL,6,109,,0,,,1/3/05,1/3/07,-19,
BeM-IL08,"Bean, Melissa L.",F,1/22/62,Democratic,IL,8,109,,0,,,1/3/05,1/3/07,-57,
CoJ-IL12,"Costello, Jerry F.",M,9/25/49,Democratic,IL,12,109,,0,,,1/3/05,1/3/07,-44,
HaJ-IL14,"Hastert, J. Dennis",M,1/2/42,Republican,IL,14,109,,0,,,1/3/05,1/3/07,-37,
MaD-IL16,"Manzullo, Donald A.",M,3/24/44,Republican,IL,16,109,,0,,,1/3/05,1/3/07,-39,
EvL-IL17,"Evans, Lane",M,8/4/51,Democratic,IL,17,109,,0,,,1/3/05,1/3/07,-46,
SoM-IN03,"Souder, Mark E.",M,7/18/50,Republican,IN,3,109,,0,,,1/3/05,1/3/07,-45,
BuS-IN04,"Buyer, Steve",M,11/26/58,Republican,IN,4,109,,0,,,1/3/05,1/3/07,-53,
CaJ-IN07,"Carson, Julia",F,7/8/38,Democratic,IN,7,109,,0,,,1/3/05,1/3/07,-33,
HoJ-IN08,"Hostettler, John N.",M,6/19/61,Republican,IN,8,109,,0,,,1/3/05,1/3/07,-56,
MoD-KS03,"Moore, Dennis",M,11/8/45,Democratic,KS,3,109,,0,,,1/3/05,1/3/07,-40,
TiT-KS04,"Tiahrt, Todd",M,6/15/51,Republican,KS,4,109,,0,,,1/3/05,1/3/07,-46,
LeR-KY02,"Lewis, Ron",M,9/14/46,Republican,KY,2,109,,0,,,1/3/05,1/3/07,-41,
NoA-KY03,"Northup, Anne M.",F,1/22/48,Republican,KY,3,109,,0,,,1/3/05,1/3/07,-43,
ChB-KY06,"Chandler, Ben",M,9/12/59,Democratic,KY,6,109,,0,,,1/3/05,1/3/07,-54,
JeW-LA02,"Jefferson, William J.",M,3/14/47,Democratic,LA,2,109,,0,,,1/3/05,1/3/07,-42,
BoC-LA03,"Boustany, Charles W., Jr.",M,2/21/56,Republican,LA,3,109,,0,,,1/3/05,1/3/07,-51,
McJ-LA04,"McCrery, Jim",M,9/18/49,Republican,LA,4,109,,0,,,1/3/05,1/3/07,-44,
AlR-LA05,"Alexander, Rodney",M,12/5/46,Republican,LA,5,109,,0,,,1/3/05,1/3/07,-41,
BaR-LA06,"Baker, Richard H.",M,5/22/48,Republican,LA,6,109,,0,,,1/3/05,1/3/07,-43,
OlJ-MA01,"Olver, John W.",M,9/3/36,Democratic,MA,1,109,,0,,,1/3/05,1/3/07,-31,
DeB-MA10,"Delahunt, Bill",M,7/18/41,Democratic,MA,10,109,,0,,,1/3/05,1/3/07,-36,
GiW-MD01,"Gilchrest, Wayne T.",M,4/15/46,Republican,MD,1,109,,0,,,1/3/05,1/3/07,-41,
WyA-MD04,"Wynn, Albert Russell",M,9/10/51,Democratic,MD,4,109,,0,,,1/3/05,1/3/07,-46,
HoS-MD05,"Hoyer, Steny H.",M,6/14/39,Democratic,MD,5,109,,0,,,1/3/05,1/3/07,-34,
AlT-ME01,"Allen, Thomas H.",M,4/16/45,Democratic,ME,1,109,,0,,,1/3/05,1/3/07,-40,
StB-MI01,"Stupak, Bart",M,2/29/52,Democratic,MI,1,109,,0,,,1/3/05,1/3/07,-47,
HoP-MI02,"Hoekstra, Peter",M,10/30/53,Republican,MI,2,109,,0,,,1/3/05,1/3/07,-48,
EhV-MI03,"Ehlers, Vernon J.",M,2/6/34,Republican,MI,3,109,,0,,,1/3/05,1/3/07,-29,
CaD-MI04,"Camp, Dave",M,7/9/53,Republican,MI,4,109,,0,,,1/3/05,1/3/07,-48,
KiD-MI05,"Kildee, Dale E.",M,9/16/29,Democratic,MI,5,109,,0,,,1/3/05,1/3/07,-24,
ScJ-MI07,"Schwarz, John J.H. Joe",M,11/15/37,Republican,MI,7,109,,0,,,1/3/05,1/3/07,-32,
KnJ-MI09,"Knollenberg, Joe",M,11/28/33,Republican,MI,9,109,,0,,,1/3/05,1/3/07,-28,
McT-MI11,"McCotter, Thaddeus G.",M,8/22/65,Republican,MI,11,109,,0,,,1/3/05,1/3/07,-60,
KiC-MI13,"Kilpatrick, Carolyn C.",F,6/25/45,Democratic,MI,13,109,,0,,,1/3/05,1/3/07,-40,
RaJ-MN03,"Ramstad, Jim",M,5/6/46,Republican,MN,3,109,,0,,,1/3/05,1/3/07,-41,
SaM-MN05,"Sabo, Martin Olav",M,2/28/38,Democratic,MN,5,109,,0,,,1/3/05,1/3/07,-33,
KeM-MN06,"Kennedy, Mark R.",M,4/11/57,Republican,MN,6,109,,0,,,1/3/05,1/3/07,-52,
CaR-MO03,"Carnahan, Russ",M,7/10/58,Democratic,MO,3,109,,0,,,1/3/05,1/3/07,-53,
EmJ-MO08,"Emerson, Jo Ann",F,9/16/50,Republican,MO,8,109,,0,,,1/3/05,1/3/07,-45,
HuK-MO09,"Hulshof, Kenny C.",M,5/22/58,Republican,MO,9,109,,0,,,1/3/05,1/3/07,-53,
PiC-MS03,"Pickering, Charles W. Chip",M,8/10/63,Republican,MS,3,109,,0,,,1/3/05,1/3/07,-58,
ReD-MT00,"Rehberg, Denny",M,10/5/55,Republican,MT,0,109,,0,,,1/3/05,1/3/07,-50,
MyS-NC09,"Myrick, Sue Wilkins",F,8/1/41,Republican,NC,9,109,,0,,,1/3/05,1/3/07,-36,
TaC-NC11,"Taylor, Charles H.",M,1/23/41,Republican,NC,11,109,,0,,,1/3/05,1/3/07,-36,
WaM-NC12,"Watt, Melvin L.",M,8/26/45,Democratic,NC,12,109,,0,,,1/3/05,1/3/07,-40,
MiB-NC13,"Miller, Brad",M,5/19/53,Democratic,NC,13,109,,0,,,1/3/05,1/3/07,-48,
PoE-ND00,"Pomeroy, Earl",M,9/2/52,Democratic,ND,0,109,,0,,,1/3/05,1/3/07,-47,
OsT-NE03,"Osborne, Tom",M,2/23/37,Republican,NE,3,109,,0,,,1/3/05,1/3/07,-32,
AnR-NJ01,"Andrews, Robert E.",M,8/4/57,Democratic,NJ,1,109,,0,,,1/3/05,1/3/07,-52,
SmC-NJ04,"Smith, Christopher H.",M,3/4/53,Republican,NJ,4,109,,0,,,1/3/05,1/3/07,-48,
FeM-NJ07,"Ferguson, Mike",M,6/22/70,Republican,NJ,7,109,,0,,,1/3/05,1/3/07,34,
PaSrD-NJ10,"Payne, Donald M.",M,7/16/34,Democratic,NJ,10,109,,0,,,1/3/05,1/3/07,-29,
FrR-NJ11,"Frelinghuysen, Rodney P.",M,4/29/46,Republican,NJ,11,109,,0,,,1/3/05,1/3/07,-41,
GiJ-NV02,"Gibbons, Jim",M,12/16/44,Republican,NV,2,109,,0,,,1/3/05,1/3/07,-39,
WeA-NY09,"Weiner, Anthony D.",M,9/4/64,Democratic,NY,9,109,,0,,,1/3/05,1/3/07,-59,
OwM-NY11,"Owens, Major R.",M,6/28/36,Democratic,NY,11,109,,0,,,1/3/05,1/3/07,-31,
FoV-NY13,"Fossella, Vito",M,3/9/65,Republican,NY,13,109,,0,,,1/3/05,1/3/07,-60,
KeS-NY19,"Kelly, Sue W.",F,9/26/36,Republican,NY,19,109,,0,,,1/3/05,1/3/07,-31,
SwJ-NY20,"Sweeney, John E.",M,8/9/55,Republican,NY,20,109,,0,,,1/3/05,1/3/07,-50,
McM-NY21,"McNulty, Michael R.",M,9/16/47,Democratic,NY,21,109,,0,,,1/3/05,1/3/07,-42,
McJ-NY23,"McHugh, John M.",M,9/29/48,Republican,NY,23,109,,0,,,1/3/05,1/3/07,-43,
BoS-NY24,"Boehlert, Sherwood",M,9/28/36,Republican,NY,24,109,,0,,,1/3/05,1/3/07,-31,
WaJ-NY25,"Walsh, James T.",M,6/19/47,Republican,NY,25,109,,0,,,1/3/05,1/3/07,-42,
ReT-NY26,"Reynolds, Thomas M.",M,9/3/50,Republican,NY,26,109,,0,,,1/3/05,1/3/07,-45,
KuJ-NY29,"Kuhl, John R. Randy, Jr.",M,4/19/43,Republican,NY,29,109,,0,,,1/3/05,1/3/07,-38,
ScJ-OH02,"Schmidt, Jean",F,11/29/51,Republican,OH,2,109,,0,,,1/3/05,1/3/07,-46,
OxM-OH04,"Oxley, Michael G.",M,2/11/44,Republican,OH,4,109,,0,,,1/3/05,1/3/07,-39,
GiP-OH05,"Gillmor, Paul E.",M,2/1/39,Republican,OH,5,109,,0,,,1/3/05,1/3/07,-34,
HoD-OH07,"Hobson, David L.",M,11/17/36,Republican,OH,7,109,,0,,,1/3/05,1/3/07,-31,
JoS-OH11,"Jones, Stephanie Tubbs",F,9/10/49,Democratic,OH,11,109,,0,,,1/3/05,1/3/07,-44,
PrD-OH15,"Pryce, Deborah",F,7/29/51,Republican,OH,15,109,,0,,,1/3/05,1/3/07,-46,
ReR-OH16,"Regula, Ralph",M,12/3/24,Republican,OH,16,109,,0,,,1/3/05,1/3/07,-19,
HoD-OR05,"Hooley, Darlene",F,4/4/39,Democratic,OR,5,109,,0,,,1/3/05,1/3/07,-34,
EnP-PA03,"English, Phil",M,6/20/56,Republican,PA,3,109,,0,,,1/3/05,1/3/07,-51,
PeJ-PA05,"Peterson, John E.",M,12/25/38,Republican,PA,5,109,,0,,,1/3/05,1/3/07,-33,
WeC-PA07,"Weldon, Curt",M,7/22/47,Republican,PA,7,109,,0,,,1/3/05,1/3/07,-42,
ShD-PA10,"Sherwood, Don",M,3/5/41,Republican,PA,10,109,,0,,,1/3/05,1/3/07,-36,
MuJ-PA12,"Murtha, John P.",M,6/17/32,Democratic,PA,12,109,,0,,,1/3/05,1/3/07,-27,
MuT-PA18,"Murphy, Tim",M,9/11/52,Republican,PA,18,109,,0,,,1/3/05,1/3/07,-47,
PlT-PA19,"Platts, Todd Russell",M,3/5/62,Republican,PA,19,109,,0,,,1/3/05,1/3/07,-57,
BrH-SC01,"Brown, Henry E., Jr.",M,12/20/35,Republican,SC,1,109,,0,,,1/3/05,1/3/07,-30,
SpJ-SC05,"Spratt, John M., Jr.",M,11/1/42,Democratic,SC,5,109,,0,,,1/3/05,1/3/07,-37,
ClJ-SC06,"Clyburn, James E.",M,7/21/40,Democratic,SC,6,109,,0,,,1/3/05,1/3/07,-35,
JeW-TN01,"Jenkins, William L.",M,11/29/36,Republican,TN,1,109,,0,,,1/3/05,1/3/07,-31,
DaL-TN04,"Davis, Lincoln",M,9/13/43,Democratic,TN,4,109,,0,,,1/3/05,1/3/07,-38,
GoB-TN06,"Gordon, Bart",M,1/24/49,Democratic,TN,6,109,,0,,,1/3/05,1/3/07,-44,
TaJ-TN08,"Tanner, John S.",M,9/22/44,Democratic,TN,8,109,,0,,,1/3/05,1/3/07,-39,
BoH-TX23,"Bonilla, Henry",M,1/2/54,Republican,TX,23,109,,0,,,1/3/05,1/3/07,-49,
OrS-TX27,"Ortiz, Solomon P.",M,6/3/37,Democratic,TX,27,109,,0,,,1/3/05,1/3/07,-32,
GrG-TX29,"Green, Gene",M,10/17/47,Democratic,TX,29,109,,0,,,1/3/05,1/3/07,-42,
DaJ-VA01,"Davis, Jo Ann",F,6/29/50,Republican,VA,1,109,,0,,,1/3/05,1/3/07,-45,
DrT-VA02,"Drake, Thelma D.",F,11/20/49,Republican,VA,2,109,,0,,,1/3/05,1/3/07,-44,
DaT-VA11,"Davis, Tom",M,1/5/49,Republican,VA,11,109,,0,,,1/3/05,1/3/07,-44,
BaB-WA03,"Baird, Brian",M,3/7/56,Democratic,WA,3,109,,0,,,1/3/05,1/3/07,-51,
DiN-WA06,"Dicks, Norman D.",M,12/16/40,Democratic,WA,6,109,,0,,,1/3/05,1/3/07,-35,
SeF-WI05,"Sensenbrenner, F. James, Jr.",M,6/14/43,Republican,WI,5,109,,0,,,1/3/05,1/3/07,-38,
PeT-WI06,"Petri, Thomas E.",M,5/28/40,Republican,WI,6,109,,0,,,1/3/05,1/3/07,-35,
ObD-WI07,"Obey, David R.",M,10/3/38,Democratic,WI,7,109,,0,,,1/3/05,1/3/07,-33,
MoA-WV01,"Mollohan, Alan B.",M,5/14/43,Democratic,WV,1,109,,0,,,1/3/05,1/3/07,-38,
CuB-WY00,"Cubin, Barbara",F,11/30/46,Republican,WY,0,109,,0,,,1/3/05,1/3/07,-41,
FaE-AS00,"Faleomavaega, Eni F. H.",M,8/15/43,Democratic,AS,0,109,,0,,,1/3/05,1/3/07,-38,
BoM-GU00,"Bordallo, Madeleine Z.",F,5/31/33,Democratic,GU,0,109,,0,,,1/3/05,1/3/07,-28,