UniqueID,FullName,TwitterHandle,JoinedOn,YearJoined,CreatedAfterSession,YrAfterTwitter
ScA-IL18,"Schock, Aaron",aaronschock,2009-03-01,2009,,
FiA-IA01,"Finkenauer, Abby",Abby4Iowa,2015-03-01,2015,,
PuA-FL12,"Putnam, Adam H.",adamputnam,2009-06-01,2009,,
LaJ-LA03,"Landry, Jeffrey M.",AGJeffLandry,2010-11-01,2010,,
GrT-AR02,"Griffin, Tim",AGTimGriffin,2010-10-01,2010,,
GrA-FL09,"Grayson, Alan",AlanGrayson,2009-05-01,2009,,
NuA-MS01,"Nunnelee, Alan",AlanNunnelee,2009-04-01,2009,,
SiA-NJ08,"Sires, Albio",AlbioSiresNJ,2012-04-01,2012,,
HaA-FL20,"Hastings, Alcee L.",AlceeHastingsFL,2013-11-01,2013,,
LaA-FL05,"Lawson, Al, Jr.",AlLawsonJr,2009-11-01,2009,,
WeA-FL22,"West, Allen B.",AllenWest,2011-01-01,2011,,
ScA-PA13,"Schwartz, Allyson Y.",allysonschwartz,2013-04-01,2013,,
CrA-FL04,"Crenshaw, Ander",AnderCrenshaw,2009-02-01,2009,,
BuA-NY25,"Buerkle, Ann Marie",annmbuerkle,2010-11-01,2010,,
DaA-AL07,"Davis, Artur",ArturDavis,2009-01-01,2009,,
MiG-CA11,"Miller, George",askgeorge,2007-07-01,2007,,
LoB-MO07,"Long, Billy",auctnr1,2009-02-01,2009,,
CoM-CO06,"Coffman, Mike",AuroraMayorMike,2019-07-01,2019,,
ScA-GA08,"Scott, Austin",AustinScottGA08,2011-01-01,2011,,
AxC-IA03,"Axne, Cynthia",Axne4Congress,2017-05-01,2017,,
BaS-AL06,"Bachus, Spencer",BachusAL06,2009-09-01,2009,,
CoB-VA10,"Comstock, Barbara",BarbaraComstock,2009-05-01,2009,,
FrB-MA04,"Frank, Barney",BarneyFrank,2013-07-01,2013,,
HiB-IN09,"Hill, Baron P.",BaronHill2016,2010-02-01,2010,,
McB-UT04,"McAdams, Ben",BenMcAdams,2009-06-01,2009,,
ThB-MS02,"Thompson, Bennie G.",BennieGThompson,2009-01-01,2009,,
BeS-NV01,"Berkley, Shelley",Berkley4Senate,2011-04-01,2011,,
O'B-TX16,"O'Rourke, Beto",BetoORourke,2011-07-01,2011,,
MaB-CO04,"Markey, Betsy",BetsyMarkey,2009-06-01,2009,,
McB-MN04,"McCollum, Betty",BettyMcCollum04,2012-01-01,2012,,
SuB-OH13,"Sutton, Betty",BettySutton,2010-04-01,2010,,
BiB-CA50,"Bilbray, Brian P.",BilbrayCA50,2009-07-01,2009,,
CaB-LA06,"Cassidy, Bill",BillCassidy,2009-07-01,2009,,
OwW-NY21,"Owens, William L.",BillOwensNY,2010-12-01,2010,,
PaB-NJ09,"Pascrell, Bill, Jr.",BillPascrell,2009-01-01,2009,,
BrR-PA01,"Brady, Robert A.",BobBradyPHL,2010-05-01,2010,,
JiB-LA01,"Jindal, Bobby",BobbyJindal,2008-10-01,2008,,
RuB-IL01,"Rush, Bobby L.",BobbyLRush,2011-05-01,2011,,
ScR-VA03,"Scott, Robert C. ""Bobby""",BobbyScott,2010-01-01,2010,,
FiB-CA51,"Filner, Bob",bobfilner,2009-09-01,2009,,
InB-SC04,"Inglis, Bob",bobinglis,2008-10-01,2008,,
LaR-OH05,"Latta, Robert E.",boblatta,2008-01-01,2008,,
NeR-OH18,"Ney, Robert W.",bobney,2008-09-01,2008,,
EtB-NC02,"Etheridge, Bob",bobretheridge,2010-11-01,2010,,
BoN-KS02,"Boyda, Nancy E.",BoydaNancy,2019-05-01,2019,,
QuB-AZ03,"Quayle, Benjamin",bquayle,2010-02-01,2010,,
ByB-AL01,"Byrne, Bradley",BradleyByrne,2009-05-01,2009,,
ShB-CA32,"Sherman, Brad",BradSherman,2009-01-01,2009,,
BrK-TX08,"Brady, Kevin",bradyfortexas,2012-05-01,2012,,
LaB-MI14,"Lawrence, Brenda L.",BrendaLLawrence,2009-07-01,2009,,
PoB-ME02,"Poliquin, Bruce",BrucePoliquin,2009-04-01,2009,,
OtC-ID01,"Otter, C. L. (Butch)",ButchOtter,2009-04-01,2009,,
RuC-MD02,"Ruppersberger, C. A. Dutch",Call_Me_Dutch,2011-01-01,2011,,
MiC-MI10,"Miller, Candice S.",CandiceMiller,2008-06-01,2008,,
CuC-FL26,"Curbelo, Carlos",carloslcurbelo,2014-10-01,2014,,
BoC-GA07,"Bourdeaux, Carolyn",Carolyn4GA7,2017-06-01,2017,,
McC-WA05,"McMorris Rodgers, Cathy",cathymcmorris,2008-01-01,2008,,
RaC-NY13,"Rangel, Charles B.",cbrangel,2009-02-01,2009,,
EdC-TX17,"Edwards, Chet",CEdwardsTX,2016-11-01,2016,,
HaR-NC08,"Hayes, Robin",ChairmanHayes,2011-01-01,2011,,
McH-CA25,"McKeon, Howard P. ""Buck""",chairmanmckeon,2015-11-01,2015,,
FaC-PA02,"Fattah, Chaka",chakafattah,2009-06-01,2009,,
CrC-FL13,"Crist, Charlie",CharlieCrist,2009-05-01,2009,,
PiC-ME01,"Pingree, Chellie",chelliepingree,2008-06-01,2008,,
CaC-UT03,"Cannon, Chris",chriscanno,2009-01-01,2009,,
ChC-IN02,"Chocola, Chris",ChrisChocola,2012-07-01,2012,,
GiC-NY19,"Gibson, Christopher P.",ChrisGibsonNY,2010-03-01,2010,,
MuC-CT05,"Murphy, Christopher",ChrisMurphyCT,2010-05-01,2010,,
VaC-MD08,"Van Hollen, Chris",ChrisVanHollen,2008-12-01,2008,,
GaJ-IL04,"Garcia, Jesus G. ""Chuy""",ChuyChicago,2014-10-01,2014,,
RoC-TX23,"Rodriguez, Ciro D.",CiroDRodriguez,2010-06-01,2010,,
PeC-MN07,"Peterson, Collin C.",collinpeterson,2010-02-01,2010,,
CoP-CA08,"Cook, Paul",ColPaulCookRet,2013-01-01,2013,,
CoK-TX11,"Conaway, K. Michael",ConawayTX11,2011-05-01,2011,,
SaJ-NJ03,"Saxton, Jim",Cong_Jim_Saxton,2015-04-01,2015,,
PoB-FL08,"Posey, Bill",congbillposey,2009-03-01,2009,,
BoB-PA02,"Boyle, Brendan F.",CongBoyle,2015-11-01,2015,,
HuT-KS01,"Huelskamp, Tim",CongHuelskamp,2011-01-01,2011,,
SiM-ID02,"Simpson, Michael K.",CongMikeSimpson,2009-09-01,2009,,
PaS-MS04,"Palazzo, Steven M.",CongPalazzo,2011-05-01,2011,,
MeL-IN06,"Messer, Luke",Congress_LukeM,2013-04-01,2013,,
VaJ-NJ02,"Van Drew, Jefferson",Congressman_JVD,2011-12-01,2011,,
BeD-MI01,"Benishek, Dan",CongressmanDan,2011-01-01,2011,,
ThG-PA15,"Thompson, Glenn",CongressmanGT,2009-01-01,2009,,
HiJ-GA10,"Hice, Jody B.",CongressmanHice,2015-01-01,2015,,
KeT-NJ07,"Kean, Thomas H.",CongressmanKean,2022-12-01,2022,,
KrR-IL08,"Krishnamoorthi, Raja",CongressmanRaja,2016-01-01,2016,,
ChS-FL20,"Cherfilus-McCormick, Sheila",CongresswomanSC,2022-01-01,2022,,
RoS-NJ09,"Rothman, Steven R.",CongRothman,2011-09-01,2011,,
MaC-FL14,"Mack, Connie",ConnieMackIV,2009-03-01,2009,,
LaC-PA17,"Lamb, Conor",ConorLambPA,2017-04-01,2017,,
CoJ-TN05,"Cooper, Jim",CoopForCongress,2012-06-01,2012,,
ShC-CT04,"Shays, Christopher",CShays,2008-05-01,2008,,
McC-GA04,"McKinney, Cynthia A.",cynthiamckinney,2009-01-01,2009,,
BoD-OK02,"Boren, Dan",DanBorenOK,2020-04-01,2020,,
BuD-IN05,"Burton, Dan",danburton,2008-07-01,2008,,
MaD-NY24,"Maffei, Daniel B.",danielbmaffei,2015-08-01,2015,,
BrD-VA07,"Brat, Dave",DaveBratVA7th,2014-01-01,2014,,
LoD-IA02,"Loebsack, David",daveloebsack,2012-03-01,2012,,
CiD-RI01,"Cicilline, David N.",davidcicilline,2009-03-01,2009,,
WuD-OR01,"Wu, David",DavidWu2010,2010-09-01,2010,,
RoD-NC02,"Ross, Deborah K.",DeborahRossNC,2015-10-01,2015,,
ChD-VI00,"Christensen, Donna M.",DelegateDonna,2011-03-01,2011,,
RaD-IL03,"Ramirez, Delia C.",DeliaRamirezIL,2021-11-01,2021,,
KuD-OH10,"Kucinich, Dennis J.",Dennis_Kucinich,2008-06-01,2008,,
RoD-FL15,"Ross, Dennis A.",DennisRossSEU,2009-04-01,2009,,
HeD-WA10,"Heck, Denny",DennyHeck,2009-08-01,2009,,
DeS-TN04,"DesJarlais, Scott",DesJarlaisTN04,2011-01-01,2011,,
NuD-CA22,"Nunes, Devin",DevinNunes,2009-07-01,2009,,
HaD-WA04,"Hastings, Doc",DocHastings,2011-10-01,2011,,
NoD-NJ01,"Norcross, Donald",DonaldNorcross,2015-03-01,2015,,
CaD-LA06,"Cazayoux, Donald J., Jr.",DonCazayoux,2013-08-01,2013,,
EdD-MD04,"Edwards, Donna F.",DonnaFEdwards,2012-08-01,2012,,
ShD-FL27,"Shalala, Donna E.",DonnaShalala,2016-05-01,2016,,
MaD-CA07,"Matsui, Doris O.",DorisMatsui,2009-05-01,2009,,
WeD-FL15,"Weldon, Dave",DrDaveWeldon,2012-05-01,2012,,
DuN-FL02,"Dunn, Neal P.",DrNealDunnFL2,2017-01-01,2017,,
GiP-GA11,"Gingrey, Phil",DrPhilGingrey,2009-04-01,2009,,
RoD-TN01,"Roe, David P.",DrPhilRoe,2009-06-01,2009,,
RoE-CA39,"Royce, Edward R.",EdRRoyce,2010-08-01,2010,,
ToE-NY10,"Towns, Edolphus",EdTowns,2010-03-01,2010,,
NoE-DC00,"Norton, Eleanor Holmes",EleanorNorton,2009-03-01,2009,,
EsE-CT05,"Esty, Elizabeth H.",ElizabethCrypt7,2021-04-01,2021,,
SyE-OH13,"Sykes, Emilia Strong",EmiliaSykesOH,2013-09-01,2013,,
EnW-IL12,"Enyart, William L.",EnyartforIL12,2012-06-01,2012,,
CaE-VA07,"Cantor, Eric",EricCantor,2009-01-01,2009,,
PaE-MN03,"Paulsen, Erik",ErikPaulsen,2008-11-01,2008,,
JeE-WV03,"Jenkins, Evan H.",EvanJenkinsWV,2013-07-01,2013,,
FaB-TX27,"Farenthold, Blake",farenthold,2008-12-01,2008,,
WoF-VA10,"Wolf, Frank R.",fmrRepWolf,2011-01-01,2011,,
LoF-NJ02,"LoBiondo, Frank A.",FrankLoBiondoNJ,2011-01-01,2011,,
PaF-NJ06,"Pallone, Frank, Jr.",FrankPallone,2009-04-01,2009,,
GiG-AZ08,"Giffords, Gabrielle",GabbyGiffords,2009-06-01,2009,,
VaG-NM02,"Vasquez, Gabe",Gabe_NM,2013-10-01,2013,,
TaG-MS04,"Taylor, Gene",GeneTaylor4MS,2014-03-01,2014,,
GeJ-PA06,"Gerlach, Jim",GerlachforPA,2009-05-01,2009,,
CoG-VA11,"Connolly, Gerald E.",GerryConnolly,2009-09-01,2009,,
GuG-MN01,"Gutknecht, Gil",gilgman,2014-10-01,2014,,
GiK-NY20,"Gillibrand, Kirsten E.",gillibrandny,2017-08-01,2017,,
BrG-FL05,"Brown-Waite, Ginny",GinnyBrownWaite,2010-01-01,2010,,
BuG-NC01,"Butterfield, G. K.",GKButterfield,2011-12-01,2011,,
NyG-VA02,"Nye, Glenn C.",GlennNye,2008-08-01,2008,,
EmT-MN06,"Emmer, Tom",GOPmajoritywhip,2014-12-01,2014,,
GiG-MT00,"Gianforte, Greg",GovGianforte,2020-12-01,2020,,
InJ-WA01,"Inslee, Jay",GovInslee,2013-01-01,2013,,
FaM-OK05,"Fallin, Mary",GovMaryFallin,2010-09-01,2010,,
NaG-CA31,"Napolitano, Grace F.",gracenapolitano,2010-06-01,2010,,
ReG-PA14,"Reschenthaler, Guy",GReschenthaler,2015-01-01,2015,,
SaM-GU00,"San Nicolas, Michael F. Q.",GuamCongressman,2011-08-01,2011,,
GrG-FL02,"Graham, Gwen",GwenGraham,2013-03-01,2013,,
ClH-MI13,"Clarke, Hansen",HansenClarke,2010-05-01,2010,,
FoH-TN09,"Ford, Harold E., Jr.",HaroldFordJr,2009-07-01,2009,,
HaG-MS03,"Harper, Gregg",HarperCampaign,2009-10-01,2009,,
TeH-NM02,"Teague, Harry",Harry4Congress,2010-06-01,2010,,
MiH-AZ05,"Mitchell, Harry E.",HarryEMitchell,2009-04-01,2009,,
HaM-PA04,"Hart, Melissa A.",HartofPgh,2014-07-01,2014,,
WiH-NM01,"Wilson, Heather",HeatherAnWilson,2011-03-01,2011,,
ShH-NC11,"Shuler, Heath",HeathShuler5,2017-07-01,2017,,
HeJ-WA03,"Herrera Beutler, Jaime",HerreraBeutler,2011-01-01,2011,,
SoH-CA32,"Solis, Hilda L.",HildaSolis,2014-03-01,2014,,
HoK-OK05,"Horn, Kendra S.",HornForCongress,2017-06-01,2017,,
BeH-CA28,"Berman, Howard L.",HowardBerman,2011-11-01,2011,,
CoH-NC06,"Coble, Howard",HowardCoble,2011-06-01,2011,,
SkI-MO04,"Skelton, Ike",IkeSkelton,2010-01-01,2010,,
OmI-MN05,"Omar, Ilhan",Ilhan,2019-01-01,2019,,
WaZ-TN03,"Wamp, Zach",IOWamp,2017-04-01,2017,,
IsE-OK05,"Istook, Ernest J., Jr.",Istook,2008-07-01,2008,,
KiJ-GA01,"Kingston, Jack",JackKingston,2009-04-01,2009,,
JaS-TX18,"Jackson Lee, Sheila",JacksonLeeTX18,2009-01-01,2009,,
HiJ-CT04,"Himes, James A.",jahimes,2009-04-01,2009,,
HaJ-CA36,"Harman, Jane",JaneHarmanCA,2022-08-01,2022,,
HaJ-CA44,"Hahn, Janice",JaniceHahn,2009-02-01,2009,,
AlJ-PA04,"Altmire, Jason",jasonaltmire,2011-03-01,2011,,
ChJ-UT03,"Chaffetz, Jason",jasoninthehouse,2008-12-01,2008,,
ObJ-CA23,"Obernolte, Jay",JayObernolte,2011-01-01,2011,,
DeJ-CA10,"Denham, Jeff",JeffDenham,2009-02-01,2009,,
FlJ-AZ06,"Flake, Jeff",JeffFlake,2008-08-01,2008,,
FoJ-NE01,"Fortenberry, Jeff",JeffFortenberry,2009-01-01,2009,,
KiJ-VA02,"Kiggans, Jennifer A",JenKiggans,2019-04-01,2019,,
MoJ-KS01,"Moran, Jerry",JerryMoran,2009-01-01,2009,,
WeJ-IL11,"Weller, Jerry",JerryWeller1,2013-12-01,2013,,
JoJ-OH04,"Jordan, Jim",Jim_Jordan,2008-01-01,2008,,
MoJ-VA08,"Moran, James P.",Jim_Moran,2009-06-01,2009,,
LaJ-RI02,"Langevin, James R.",JimLangevin,2009-01-01,2009,,
NuJ-IA01,"Nussle, Jim",JimNussle,2009-02-01,2009,,
ObJ-MN08,"Oberstar, James L.",JimOberstar,2009-02-09,2009,,
ReJ-OH16,"Renacci, James B.",JimRenacci,2014-02-01,2014,,
RyJ-KS02,"Ryun, Jim",jimryun,2009-12-01,2009,,
MoJ-GU00,"Moylan, James C.",JMoylanforGuam,2022-12-01,2022,,
CaJ-TX20,"Castro, Joaquin",JoaquinCastrotx,2010-01-01,2010,,
CrJ-NY14,"Crowley, Joseph",JoeCrowleyNY,2010-02-01,2010,,
GaJ-FL26,"Garcia, Joe",JoeGarcia,2007-12-01,2007,,
KeJ-MA04,"Kennedy, Joseph P., III",joekennedy,2013-01-01,2013,,
PiJ-PA16,"Pitts, Joseph R.",JoePitts4PA,2010-02-01,2010,,
SeJ-NY23,"Sempolinski, Joseph",JoeSempo,2021-01-01,2021,,
SeJ-PA07,"Sestak, Joe",JoeSestak,2009-06-01,2009,,
BaJ-GA12,"Barrow, John",JohnBarrowMC,2020-04-01,2020,,
BoJ-AR03,"Boozman, John",JohnBoozman,2007-04-01,2007,,
CaJ-DE00,"Carney, John C., Jr.",JohnCarneyDE,2011-01-01,2011,,
CuJ-TX07,"Culberson, John Abney",johnculberson,2008-05-01,2008,,
DeJ-MD06,"Delaney, John K.",JohnDelaney,2011-12-01,2011,,
DiJ-MI12,"Dingell, John D.",JohnDingell,2010-01-01,2010,,
JaJ-MI10,"James, John",JohnJamesMI,2017-05-01,2017,,
RaJ-TX04,"Ratcliffe, John",JohnRatcliffe,2014-10-01,2014,,
YaJ-KY03,"Yarmuth, John A.",JohnYarmuth,2011-10-01,2011,,
PoJ-NV03,"Porter, Jon C.",jportertweets,2011-10-01,2011,,
DoJ-CA04,"Doolittle, John T.",jtdoolittle1950,2014-09-01,2014,,
CaJ-TX31,"Carter, John R.",JudgeCarter,2008-12-01,2008,,
PoT-TX02,"Poe, Ted",JudgeTedPoe,2009-09-01,2009,,
BiJ-IL13,"Biggert, Judy",JudyBiggert,2009-02-01,2009,,
AmJ-MI03,"Amash, Justin",justinamash,2011-01-01,2011,,
RiK-NY04,"Rice, Kathleen M.",KathleenRice,2009-10-01,2009,,
MaK-NC06,"Manning, Kathy E.",KathyManningNC,2017-12-01,2017,,
DaK-PA03,"Dahlkemper, Kathleen A.",kdahlkemper,2011-04-01,2011,,
ElK-MN05,"Ellison, Keith",keithellison,2008-03-01,2008,,
RoK-PA12,"Rothfus, Keith J.",KeithRothfus,2013-02-01,2013,,
KeR-FL08,"Keller, Ric",keller_ric,2019-02-01,2019,,
CaK-CA41,"Calvert, Ken",KenCalvert,2009-01-01,2009,,
MeK-FL17,"Meek, Kendrick B.",KendrickMeek,2009-03-01,2009,,
BeK-MI11,"Bentivolio, Kerry L.",KerryB4Congress,2012-07-01,2012,,
YoK-KS03,"Yoder, Kevin",kevinyoder,2011-02-01,2011,,
SaG-MP00,"Sablan, Gregorio Kilili Camacho",Kilili_Sablan,2017-11-01,2017,,
NoK-SD00,"Noem, Kristi L.",KristiNoem,2010-02-01,2010,,
HaK-GA05,"Hall, Kwanza",kwanzahall,2007-09-01,2007,,
ClW-MO01,"Clay, Wm. Lacy",LacyClayMO1,2012-05-01,2012,,
SmL-TX21,"Smith, Lamar",LamarSmithTX21,2008-08-01,2008,,
GoL-TX05,"Gooden, Lance",Lancegooden,2018-08-01,2018,,
LaS-OH14,"LaTourette, Steven C.",LaTourette,2009-01-01,2009,,
ZeL-NY01,"Zeldin, Lee M.",LeeMZeldin,2014-08-01,2014,,
TeL-NE02,"Terry, Lee",LEETERRYNE,2008-12-01,2008,,
BoL-IA03,"Boswell, Leonard L.",LeonardBoswell,2009-02-01,2009,,
LeJ-MN02,"Lewis, Jason",LewisForMN,2009-09-01,2009,,
DiL-FL21,"Diaz-Balart, Lincoln",LincolnDBalart,2012-08-01,2012,,
LiJ-GA07,"Linder, John",linderje,2013-12-01,2013,,
ChL-WY00,"Cheney, Liz",Liz_Cheney,2009-12-01,2009,,
SaL-CA46,"Sanchez, Loretta",LorettaSanchez,2010-01-01,2010,,
GoL-TX01,"Gohmert, Louie",LouieGohmertTX1,2016-01-01,2016,,
SlL-NY25,"Slaughter, Louise McIntosh",louiseslaughter,2009-08-01,2009,,
LoN-NY17,"Lowey, Nita M.",Lowey4Congress,2012-08-01,2012,,
FoL-PR00,"Fortuno, Luis G.",luisfortuno51,2010-08-01,2010,,
WoL-CA06,"Woolsey, Lynn C.",lynnwoolsey,2009-04-01,2009,,
ThM-TX13,"Thornberry, Mac",MacTXPress,2011-09-01,2011,,
MaT-NJ07,"Malinowski, Tom",Malinowski,2016-12-01,2016,,
MaT-PA12,"Marino, Tom",MarinoPA10,2014-09-01,2014,,
DiM-FL26,"Diaz-Balart, Mario",MarioDB,2009-01-01,2009,,
AmM-NV02,"Amodei, Mark E.",MarkAmodeiNV2,2011-11-01,2011,,
MeM-NC11,"Meadows, Mark",MarkMeadows,2012-11-01,2012,,
SaM-SC01,"Sanford, Mark",MarkSanford,2009-04-01,2009,,
UdM-CO02,"Udall, Mark",MarkUdall,2007-08-01,2007,,
BlM-TN07,"Blackburn, Marsha",MarshaBlackburn,2011-04-01,2011,,
McM-AZ02,"McSally, Martha",MarthaMcSallyAZ,2012-02-01,2012,,
RoM-AL02,"Roby, Martha",MarthaRobyAL,2010-12-01,2010,,
HeM-NM01,"Heinrich, Martin",MartinHeinrich,2013-01-01,2013,,
MeM-MA05,"Meehan, Martin T.",MartyMeehan,2015-11-01,2015,,
BoM-CA45,"Bono Mack, Mary",MaryBonoUSA,2009-01-01,2009,,
KiM-OH15,"Kilroy, Mary Jo",MaryJoKilroy,2008-06-01,2008,,
SaM-AZ05,"Salmon, Matt",MattSalmonAZ,2011-04-01,2011,,
HiM-NY22,"Hinchey, Maurice D.",mauricehinchey,2009-09-01,2009,,
MiM-OH07,"Miller, Max L.",MaxMillerOH,2019-07-01,2019,,
FlM-TX34,"Flores, Mayra",MayraFlores2022,2009-11-01,2009,,
HiM-HI02,"Hirono, Mazie K.",maziehirono,2009-11-01,2009,,
MeC-LA03,"Melancon, Charlie",melancon2010,2009-08-01,2009,,
LoM-UT04,"Love, Mia B.",MiaBLove,2011-07-01,2011,,
BuM-TX26,"Burgess, Michael C.",michaelcburgess,2008-08-01,2008,,
GrM-NY11,"Grimm, Michael G.",MichaelGrimmNY,2017-08-01,2017,,
MiM-ME02,"Michaud, Michael H.",Michaud2014,2013-06-01,2013,,
BaM-MN06,"Bachmann, Michele",MicheleBachmann,2008-12-01,2008,,
LuM-NM01,"Lujan Grisham, Michelle",Michelle4NM,2011-09-01,2011,,
MuM-SC05,"Mulvaney, Mick",MickMulvaneyOMB,2017-07-01,2017,,
TrD-MI11,"Trott, David A.",MIDaveTrott,2014-11-01,2014,,
PeM-IN06,"Pence, Mike",Mike_Pence,2009-02-01,2009,,
BiM-MI08,"Bishop, Mike",MikeBishopMI,2009-05-01,2009,,
CaM-MA07,"Capuano, Michael E.",mikecapuano,2009-09-01,2009,,
KeM-PA16,"Kelly, Mike",MikeKellyPA,2012-01-01,2012,,
McM-NC07,"McIntyre, Mike",MikeMcIntyreNC,2009-06-01,2009,,
PoM-KS04,"Pompeo, Mike",mikepompeo,2019-08-01,2019,,
RoM-AR04,"Ross, Mike",MikeRossUpdates,2010-01-01,2010,,
WaM-CA45,"Walters, Mimi",MimiWaltersCA,2014-02-01,2014,,
JoM-NY17,"Jones, Mondaire",MondaireJones,2017-06-01,2017,,
HaN-NY19,"Hayworth, Nan A. S.",NanHayworth,2011-01-01,2011,,
DeN-GA09,"Deal, Nathan",NathanDeal,2009-06-01,2009,,
AbN-HI01,"Abercrombie, Neil",neilabercrombie,2007-11-01,2007,,
LaN-NY23,"Langworthy, Nicholas A.",NickLangworthy,2009-01-01,2009,,
LaN-TX22,"Lampson, Nick",nlampson,2009-02-01,2009,,
ToN-CA35,"Torres, Norma J.",NormaJTorres,2011-01-01,2011,,
VeN-NY07,"Velazquez, Nydia M.",NydiaVelazquez,2010-07-01,2010,,
BrA-MD04,"Brown, Anthony G.",OAGMaryland,2017-01-01,2017,,
MeP-PA07,"Meehan, Patrick",PatMeehanPA,2010-01-01,2010,,
McP-NC10,"McHenry, Patrick T.",PatrickMcHenry,2009-03-01,2009,,
MuP-FL18,"Murphy, Patrick",PatrickMurphyFL,2011-03-01,2011,,
MuP-PA08,"Murphy, Patrick J.",PatrickMurphyPA,2010-10-01,2010,,
TiP-OH12,"Tiberi, Patrick J.",PatTiberi,2012-10-01,2012,,
BrP-GA10,"Broun, Paul C.",PaulBrounforGA,2010-09-01,2010,,
HoP-NH02,"Hodes, Paul W.",paulhodes1,2013-04-01,2013,,
KaP-PA11,"Kanjorski, Paul E.",PaulKanjorski,2010-06-01,2010,,
PeS-NM02,"Pearce, Stevan",Pearce4NM,2009-05-01,2009,,
PiP-PR00,"Pierluisi, Pedro R.",pedropierluisi,2009-04-01,2009,,
GaP-TX23,"Gallego, Pete P.",petegallego,2009-08-01,2009,,
RoP-IL06,"Roskam, Peter J.",PeterRoskam,2009-02-01,2009,,
WeP-VT00,"Welch, Peter",PeterWelch,2013-05-01,2013,,
SeP-TX17,"Sessions, Pete",PeteSessions,2009-01-01,2009,,
KeP-RI01,"Kennedy, Patrick J.",PJK4brainhealth,2012-04-01,2012,,
CaF-TX23,"Canseco, Francisco ""Quico""",QuicoCanseco,2014-04-01,2014,,
EmR-IL05,"Emanuel, Rahm",RahmEmanuel,2010-10-01,2010,,
HaR-TX04,"Hall, Ralph M.",RalphHallPress,2013-02-01,2013,,
FoJ-VA04,"Forbes, J. Randy",Randy_Forbes,2008-06-01,2008,,
NeR-TX19,"Neugebauer, Randy",RandyNeugebauer,2009-04-01,2009,,
LaR-ID01,"Labrador, Raul R.",Raul_Labrador,2011-02-01,2011,,
LaR-IL18,"LaHood, Ray",RayLaHood,2013-07-01,2013,,
CrM-PA12,"Critz, Mark S.",realMarkCritz,2010-02-01,2010,,
ReR-AZ01,"Renzi, Rick",RenziRick,2019-02-01,2019,,
ClA-GA09,"Clyde, Andrew S.",Rep_Clyde,2021-02-01,2021,,
JaJ-IL01,"Jackson, Jonathan L.",rep_jackson,2023-01-01,2023,,
MaS-RI02,"Magaziner, Seth",Rep_Magaziner,2023-01-01,2023,,
GrP-AL05,"Griffith, Parker",Rep_P_Griffith,2010-02-01,2010,,
PeM-AK00,"Peltola, Mary Sattler",rep_peltola,2022-09-01,2022,,
SoS-FL02,"Southerland, Steve II",Rep_Southerland,2011-01-01,2011,,
StM-NM01,"Stansbury, Melanie Ann",Rep_Stansbury,2021-06-01,2021,,
WoS-AR03,"Womack, Steve",rep_stevewomack,2011-01-01,2011,,
BeA-FL04,"Bean, Aaron",RepAaronBean,2022-01-01,2022,,
AbR-LA05,"Abraham, Ralph Lee",RepAbraham,2015-01-01,2015,,
AdA-NC12,"Adams, Alma S.",RepAdams,2014-01-01,2014,,
ScA-CA30,"Schiff, Adam B.",RepAdamSchiff,2009-04-01,2009,,
SmA-WA09,"Smith, Adam",RepAdamSmith,2009-03-01,2009,,
SmA-NE03,"Smith, Adrian",RepAdrianSmith,2011-01-01,2011,,
MoA-WV02,"Mooney, Alexander X.",RepAlexMooney,2015-01-01,2015,,
GrA-TX09,"Green, Al",RepAlGreen,2010-04-01,2010,,
RaA-AS00,"Radewagen, Aumua Amata Coleman",RepAmata,2015-02-01,2015,,
CaA-IN07,"Carson, Andre",RepAndreCarson,2010-10-01,2010,,
BaA-KY06,"Barr, Andy",RepAndyBarr,2013-01-01,2013,,
BiA-AZ05,"Biggs, Andy",RepAndyBiggsAZ,2017-01-01,2017,,
HaA-MD01,"Harris, Andy",RepAndyHarrisMD,2012-01-01,2012,,
KiA-NJ03,"Kim, Andy",RepAndyKimNJ,2018-01-01,2018,,
LeA-MI09,"Levin, Andy",RepAndyLevin,2019-01-01,2019,,
CrA-MN02,"Craig, Angie",RepAngieCraig,2019-01-01,2019,,
EsA-CA16,"Eshoo, Anna G.",RepAnnaEshoo,2011-02-01,2011,,
KuA-NH02,"Kuster, Ann M.",RepAnnieKuster,2013-01-01,2013,,
WaA-MO02,"Wagner, Ann",RepAnnWagner,2012-01-01,2012,,
OcA-NY14,"Ocasio-Cortez, Alexandria",RepAOC,2018-01-01,2018,,
ArK-ND00,"Armstrong, Kelly",RepArmstrongND,2019-01-01,2019,,
ArJ-TX19,"Arrington, Jodey C.",RepArrington,2017-01-01,2017,,
HiA-IA02,"Hinson, Ashley",RepAshleyHinson,2020-01-01,2020,,
AuJ-MA04,"Auchincloss, Jake",RepAuchincloss,2020-01-01,2020,,
BaT-OH12,"Balderson, Troy",RepBalderson,2018-09-01,2018,,
LeB-CA12,"Lee, Barbara",RepBarbaraLee,2011-02-01,2011,,
BaN-CA44,"Barragan, Nanette Diaz",RepBarragan,2017-01-01,2017,,
BaJ-SC03,"Barrett, J. Gresham",RepBarrett,2009-01-01,2009,,
MoB-AL02,"Moore, Barry",RepBarryMoore,2020-01-01,2020,,
BeJ-OH03,"Beatty, Joyce",RepBeatty,2013-03-01,2013,,
BaB-VT00,"Balint, Becca",RepBeccaB,2022-01-01,2022,,
ClB-VA06,"Cline, Ben",RepBenCline,2018-01-01,2018,,
BeC-OR02,"Bentz, Cliff",RepBentz,2021-01-01,2021,,
BeA-CA06,"Bera, Ami",RepBera,2012-11-01,2012,,
VaB-TX24,"Van Duyne, Beth",RepBethVanDuyne,2020-12-01,2020,,
BiS-OK05,"Bice, Stephanie I.",RepBice,2020-12-01,2020,,
FoB-IL11,"Foster, Bill",RepBillFoster,2013-01-01,2013,,
JoB-OH06,"Johnson, Bill",RepBillJohnson,2010-11-01,2010,,
LuB-MO03,"Luetkemeyer, Blaine",RepBlaine,2013-09-01,2013,,
MoB-UT01,"Moore, Blake D.",RepBlakeMoore,2020-12-01,2020,,
BlE-OR03,"Blumenauer, Earl",repblumenauer,2008-08-01,2008,,
GoB-VA05,"Good, Bob",RepBobGood,2021-01-01,2021,,
BoL-CO03,"Boebert, Lauren",RepBoebert,2020-12-01,2020,,
BoS-OR01,"Bonamici, Suzanne",RepBonamici,2012-04-01,2012,,
WaB-NJ12,"Watson Coleman, Bonnie",RepBonnie,2015-01-01,2015,,
BoM-IL12,"Bost, Mike",RepBost,2015-01-01,2015,,
BoJ-NY16,"Bowman, Jamaal",RepBowman,2020-12-01,2020,,
AsB-NE02,"Ashford, Brad",RepBradAshford,2015-01-01,2015,,
WeB-OH02,"Wenstrup, Brad R.",RepBradWenstrup,2012-03-01,2012,,
BrJ-OK02,"Brecheen, Josh",RepBrecheen,2022-12-01,2022,,
BaB-TX36,"Babin, Brian",RepBrianBabin,2014-12-01,2014,,
FiB-PA01,"Fitzpatrick, Brian K.",RepBrianFitz,2017-01-01,2017,,
HiB-NY26,"Higgins, Brian",RepBrianHiggins,2009-04-01,2009,,
MaB-FL21,"Mast, Brian J.",RepBrianMast,2016-12-01,2016,,
BrA-NY22,"Brindisi, Anthony",RepBrindisi,2019-01-01,2019,,
BrJ-CA26,"Brownley, Julia",RepBrownley,2013-03-01,2013,,
StB-WI01,"Steil, Bryan",RepBryanSteil,2018-12-01,2018,,
CaE-GA01,"Carter, Earl L. ""Buddy""",RepBuddyCarter,2015-01-15,2015,,
OwB-UT04,"Owens, Burgess",RepBurgessOwens,2020-12-01,2020,,
CaY-CO08,"Caraveo, Yadira",RepCaraveoMD,2023-01-01,2023,,
CaS-CA24,"Carbajal, Salud O.",RepCarbajal,2017-01-01,2017,,
CaT-CA29,"Cardenas, Tony",repcardenas,2013-02-01,2013,,
CaD-CA18,"Cardoza, Dennis A.",RepCardoza,2010-01-01,2010,,
GiC-FL28,"Gimenez, Carlos A.",RepCarlos,2020-12-01,2020,,
MiC-WV01,"Miller, Carol D.",RepCarolMiller,2019-01-01,2019,,
CaM-PA08,"Cartwright, Matt",RepCartwright,2012-08-01,2012,,
CaG-TX35,"Casar, Greg",RepCasar,2022-03-01,2022,,
CaS-IL06,"Casten, Sean",RepCasten,2019-01-01,2019,,
CaM-NC11,"Cawthorn, Madison",RepCawthorn,2020-12-01,2020,,
BaC-NH02,"Bass, Charles F.",RepCharlesBass,2011-01-01,2011,,
DjC-HI01,"Djou, Charles K.",RepCharlesDjou,2010-06-01,2010,,
DeC-PA15,"Dent, Charles W.",RepCharlieDent,2011-01-01,2011,,
BuC-IL17,"Bustos, Cheri",RepCheri,2013-01-01,2013,,
RoC-TX21,"Roy, Chip",RepChipRoy,2019-01-01,2019,,
PaC-NH01,"Pappas, Chris",RepChrisPappas,2018-01-01,2018,,
StC-UT02,"Stewart, Chris",RepChrisStewart,2013-01-01,2013,,
FlC-TN03,"Fleischmann, Charles J. ""Chuck""",RepChuck,2011-01-01,2011,,
CiJ-AZ06,"Ciscomani, Juan",RepCiscomani,2022-12-01,2022,,
HiC-LA03,"Higgins, Clay",RepClayHiggins,2017-03-01,2017,,
ClE-MO05,"Cleaver, Emanuel",repcleaver,2020-07-01,2020,,
StC-FL06,"Stearns, Cliff",RepCliffStearns,2009-02-01,2009,,
ClM-TX27,"Cloud, Michael",RepCloudTX,2018-09-01,2018,,
CoS-TN09,"Cohen, Steve",RepCohen,2010-07-01,2010,,
AlC-TX32,"Allred, Colin Z.",RepColinAllred,2018-12-01,2018,,
CoC-CA22,"Conway, Connie",RepConnieConway,2022-07-01,2022,,
BuC-MO01,"Bush, Cori",RepCori,2018-06-01,2018,,
CuH-TX28,"Cuellar, Henry",RepCuellar,2010-11-01,2010,,
CuE-MD07,"Cummings, Elijah E.",RepCummings,2012-08-01,2012,,
CuJ-SC01,"Cunningham, Joe",RepCunningham,2019-01-01,2019,,
ClC-FL19,"Clawson, Curt",RepCurtClawson,2014-08-01,2014,,
StD-AL05,"Strong, Dale W.",RepDaleStrong,2017-01-01,2017,,
BiD-NC08,"Bishop, Dan",RepDanBishop,2019-09-01,2019,,
CrD-TX02,"Crenshaw, Dan",RepDanCrenshaw,2019-01-01,2019,,
DoD-NY11,"Donovan, Daniel M., Jr.",RepDanDonovan,2015-07-01,2015,,
GoD-NY10,"Goldman, Daniel S.",RepDanGoldman,2023-01-01,2023,,
KiD-MI08,"Kildee, Daniel T.",RepDanKildee,2012-12-01,2012,,
LuD-CA03,"Lungren, Daniel E.",RepDanLungren,2011-09-01,2011,,
DaD-IL07,"Davis, Danny K.",RepDannyDavis,2012-08-01,2012,,
IsD-CA48,"Issa, Darrell E.",repdarrellissa,2009-08-01,2009,,
SoD-FL09,"Soto, Darren",RepDarrenSoto,2017-01-01,2017,,
JoD-OH14,"Joyce, David P.",RepDaveJoyce,2012-11-01,2012,,
ScD-AZ01,"Schweikert, David",RepDavid,2010-12-01,2010,,
PrD-NC04,"Price, David E.",RepDavidEPrice,2010-06-01,2010,,
KuD-TN08,"Kustoff, David",RepDavidKustoff,2017-01-01,2017,,
RoD-NC07,"Rouzer, David",RepDavidRouzer,2012-09-01,2012,,
DaS-KS03,"Davids, Sharice",RepDavids,2019-01-01,2019,,
ScD-GA13,"Scott, David",repdavidscott,2010-07-01,2010,,
TrD-MD06,"Trone, David J.",RepDavidTrone,2019-01-01,2019,,
VaD-CA22,"Valadao, David G.",RepDavidValadao,2013-01-01,2013,,
DeM-PA04,"Dean, Madeleine",RepDean,2012-04-01,2012,,
PhD-MN03,"Phillips, Dean",RepDeanPhillips,2018-11-01,2018,,
DiD-MI06,"Dingell, Debbie",RepDebDingell,2013-11-01,2013,,
HaD-NM01,"Haaland, Debra A.",RepDebHaaland,2019-01-01,2019,,
DeS-WA01,"DelBene, Suzan K.",RepDelBene,2012-12-01,2012,,
DeA-NY19,"Delgado, Antonio",repdelgado,2019-01-01,2019,,
DeC-PA17,"Deluzio, Christopher R.",RepDeluzio,2022-12-01,2022,,
KiD-WA06,"Kilmer, Derek",RepDerekKilmer,2013-01-01,2013,,
DeM-CA10,"DeSaulnier, Mark",RepDeSaulnier,2015-01-01,2015,,
D'A-NY04,"D'Esposito, Anthony",RepDesposito,2022-12-01,2022,,
DeD-CO01,"DeGette, Diana",RepDianaDeGette,2009-04-01,2009,,
BlD-TN06,"Black, Diane",RepDianeBlack,2010-02-01,2010,,
TiD-NV01,"Titus, Dina",repdinatitus,2010-03-01,2010,,
LaD-CO05,"Lamborn, Doug",RepDLamborn,2012-05-01,2012,,
LeD-AZ08,"Lesko, Debbie",RepDLesko,2018-05-01,2018,,
MuD-FL26,"Mucarsel-Powell, Debbie",RepDMP,2019-01-01,2019,,
DoR-IL10,"Dold, Robert J.",RepDold,2011-01-01,2011,,
PaJrD-NJ10,"Payne, Donald M., Jr.",RepDonaldPayne,2013-02-01,2013,,
DoB-FL19,"Donalds, Byron",RepDonaldsPress,2020-12-01,2020,,
BaD-NE02,"Bacon, Don",RepDonBacon,2017-01-01,2017,,
BeD-VA08,"Beyer, Donald S., Jr.",RepDonBeyer,2015-01-01,2015,,
DaD-NC01,"Davis, Donald G.",RepDonDavis,2023-01-01,2023,,
YoD-AK00,"Young, Don",repdonyoung,2009-05-01,2009,,
CoD-GA09,"Collins, Doug",RepDougCollins,2013-01-01,2013,,
FeA-GA03,"Ferguson, A. Drew, IV",RepDrewFerguson,2016-12-01,2016,,
DuJ-CA13,"Duarte, John S.",RepDuarteCA13,2023-01-01,2023,,
JoD-SD00,"Johnson, Dusty",RepDustyJohnson,2018-12-01,2018,,
EvD-PA03,"Evans, Dwight",RepDwightEvans,2009-11-01,2009,,
WaD-FL25,"Wasserman Schultz, Debbie",RepDWStweets,2013-02-01,2013,,
JoE-TX30,"Johnson, Eddie Bernice",RepEBJ,2010-07-01,2010,,
CaE-HI01,"Case, Ed",RepEdCase,2019-01-01,2019,,
EdC-NC11,"Edwards, Chuck",RepEdwards,2022-12-01,2022,,
WhE-KY01,"Whitfield, Ed",RepEdWhitfield,2011-01-01,2011,,
LuE-VA02,"Luria, Elaine G.",RepElaineLuria,2019-01-01,2019,,
CrE-AZ02,"Crane, Elijah",RepEliCrane,2022-12-01,2022,,
EnE-NY16,"Engel, Eliot L.",RepEliotEngel,2010-07-01,2010,,
ElJ-TX06,"Ellzey, Jake",RepEllzey,2021-03-01,2021,,
BuE-MO07,"Burlison, Eric",RepEricBurlison,2022-12-01,2022,,
SoE-IL17,"Sorensen, Eric",RepEricSorensen,2023-01-01,2023,,
EsV-TX16,"Escobar, Veronica",RepEscobar,2018-12-01,2018,,
EsA-NY13,"Espaillat, Adriano",RepEspaillat,2017-01-01,2017,,
EzM-MS04,"Ezell, Mike",RepEzell,2022-12-01,2022,,
FeR-IA04,"Feenstra, Randy",RepFeenstra,2021-01-01,2021,,
VeF-TX34,"Vela, Filemon",RepFilemonVela,2013-01-01,2013,,
FiS-TN08,"Fincher, Stephen Lee",RepFincherTN08,2011-02-01,2011,,
FiB-MN01,"Finstad, Brad",repfinstad,2022-08-01,2022,,
FiM-MN07,"Fischbach, Michelle",RepFischbach,2020-12-01,2020,,
FiS-WI05,"Fitzgerald, Scott",RepFitzgerald,2012-12-01,2012,,
FiM-PA08,"Fitzpatrick, Michael G.",RepFitzpatrick,2011-01-01,2011,,
FlJ-LA04,"Fleming, John",RepFleming,2009-10-01,2009,,
FlL-TX07,"Fletcher, Lizzie",RepFletcher,2018-12-01,2018,,
GuF-NH01,"Guinta, Frank C.",RepFrankGuinta,2011-01-01,2011,,
FrC-FL18,"Franklin, C. Scott",RepFranklin,2020-12-01,2020,,
LuF-OK03,"Lucas, Frank D.",RepFrankLucas,2011-01-01,2011,,
KeF-PA12,"Keller, Fred",RepFredKeller,2019-06-01,2019,,
UpF-MI06,"Upton, Fred",RepFredUpton,2010-03-01,2010,,
HiJ-AR02,"Hill, J. French",repfrenchhill,2014-12-01,2014,,
GaM-WI08,"Gallagher, Mike",RepGallagher,2017-01-01,2017,,
GaJ-CA08,"Garamendi, John",RepGaramendi,2009-11-01,2009,,
GaA-NY02,"Garbarino, Andrew R.",RepGarbarino,2020-12-01,2020,,
GrG-LA06,"Graves, Garret",RepGarretGraves,2014-12-01,2014,,
GaS-NJ05,"Garrett, Scott",RepGarrett,2012-11-01,2012,,
AcG-NY05,"Ackerman, Gary L.",RepGaryAckerman,2009-11-01,2009,,
MiG-CA31,"Miller, Gary G.",RepGaryMiller,2010-06-01,2010,,
DaG-KY04,"Davis, Geoff",RepGeoffDavis,2011-01-01,2011,,
CiG-CA39,"Cisneros, Gilbert Ray, Jr.",RepGilCisneros,2019-01-01,2019,,
IvG-MD04,"Ivey, Glenn",RepGlennIvey,2023-01-01,2023,,
GoJ-ME02,"Golden, Jared F.",RepGolden,2019-01-01,2019,,
GoV-TX34,"Gonzalez, Vicente",RepGonzalez,2017-01-01,2017,,
GoB-VA06,"Goodlatte, Bob",RepGoodlatte,2009-05-01,2009,,
GoP-AZ09,"Gosar, Paul A.",RepGosar,2011-01-01,2011,,
MeG-NY06,"Meng, Grace",RepGraceMeng,2012-12-01,2012,,
LaG-OH01,"Landsman, Greg",RepGregLandsman,2023-01-01,2023,,
MuG-NC03,"Murphy, Gregory",RepGregMurphy,2019-09-01,2019,,
MeG-NY05,"Meeks, Gregory W.",RepGregoryMeeks,2009-03-01,2009,,
PeG-IN06,"Pence, Greg",RepGregPence,2019-01-01,2019,,
StG-AZ04,"Stanton, Greg",RepGregStanton,2019-01-01,2019,,
StW-FL17,"Steube, W. Gregory",RepGregSteube,2019-01-01,2019,,
WaG-OR02,"Walden, Greg",repgregwalden,2009-04-01,2009,,
GrG-WI06,"Grothman, Glenn",RepGrothman,2015-01-01,2015,,
BiG-FL12,"Bilirakis, Gus M.",RepGusBilirakis,2009-03-01,2009,,
GuB-KY02,"Guthrie, Brett",RepGuthrie,2013-01-01,2013,,
GuL-IL04,"Gutierrez, Luis V.",RepGutierrez,2009-05-01,2009,,
MoG-WI04,"Moore, Gwen",RepGwenMoore,2009-01-01,2009,,
HaJ-MN01,"Hagedorn, Jim",RepHagedorn,2019-01-01,2019,,
HaH-WY00,"Hageman, Harriet M.",RepHageman,2022-10-01,2022,,
StH-MI11,"Stevens, Haley M.",RepHaleyStevens,2018-12-01,2018,,
RoH-KY05,"Rogers, Harold",RepHalRogers,2012-04-01,2012,,
HaC-HI01,"Hanabusa, Colleen",RepHanabusa,2011-01-01,2011,,
JoH-GA04,"Johnson, Henry C. ""Hank,"" Jr.",RepHankJohnson,2009-03-01,2009,,
HaC-NV04,"Hardy, Cresent",RepHardy,2015-01-01,2015,,
RoH-CA48,"Rouda, Harley",RepHarley,2018-12-01,2018,,
HaD-TN01,"Harshbarger, Diana",RepHarshbarger,2021-01-01,2021,,
HaV-MO04,"Hartzler, Vicky",RepHartzler,2011-01-01,2011,,
HeJ-TX05,"Hensarling, Jeb",RepHensarling,2009-01-01,2009,,
HoG-NC02,"Holding, George",RepHolding,2013-01-01,2013,,
HoS-NV04,"Horsford, Steven",RepHorsford,2011-10-01,2011,,
HoE-IN09,"Houchin, Erin",RepHouchin,2022-12-01,2022,,
HoC-PA06,"Houlahan, Chrissy",RepHoulahan,2018-10-01,2018,,
HuJ-CA02,"Huffman, Jared",RepHuffman,2013-01-01,2013,,
HuB-MI04,"Huizenga, Bill",RepHuizenga,2011-01-01,2011,,
HuR-IL14,"Hultgren, Randy",RepHultgren,2011-01-01,2011,,
BeJ-MI01,"Bergman, Jack",RepJackBergman,2016-12-01,2016,,
JaC-NY27,"Jacobs, Chris",RepJacobs,2020-06-01,2020,,
HaJ-CT05,"Hayes, Jahana",RepJahanaHayes,2019-01-01,2019,,
CoJ-KY01,"Comer, James",RepJamesComer,2020-06-01,2020,,
PoJ-CO02,"Polis, Jared",RepJaredPolis,2012-01-01,2012,,
CrJ-TX30,"Crockett, Jasmine",RepJasmine,2023-01-01,2023,,
CrJ-CO06,"Crow, Jason",RepJasonCrow,2019-01-01,2019,,
SmJ-MO08,"Smith, Jason",RepJasonSmith,2013-07-01,2013,,
JaP-WA07,"Jayapal, Pramila",RepJayapal,2017-01-01,2017,,
BrJ-OK01,"Bridenstine, Jim",RepJBridenstine,2013-01-01,2013,,
DuJ-SC03,"Duncan, Jeff",RepJeffDuncan,2011-01-01,2011,,
JaJ-NC14,"Jackson, Jeff",RepJeffJackson,2023-01-01,2023,,
JeH-NY08,"Jeffries, Hakeem S.",RepJeffries,2012-01-01,2012,,
GoJ-PR00,"Gonzalez-Colon, Jenniffer",RepJenniffer,2017-01-01,2017,,
CaJ-AL01,"Carl, Jerry L.",RepJerryCarl,2020-12-01,2020,,
LeJ-CA41,"Lewis, Jerry",RepJerryLewis,2009-09-01,2009,,
NaJ-NY12,"Nadler, Jerrold",RepJerryNadler,2009-05-01,2009,,
ToJ-HI02,"Tokuda, Jill N.",RepJillTokuda,2023-01-01,2023,,
BaJ-IN04,"Baird, James R.",RepJimBaird,2019-01-01,2019,,
BaJ-IN03,"Banks, Jim",RepJimBanks,2017-01-01,2017,,
CoJ-CA21,"Costa, Jim",RepJimCosta,2011-01-01,2011,,
MaJ-UT04,"Matheson, Jim",RepJimMatheson,2009-06-01,2009,,
McJ-WA07,"McDermott, Jim",RepJimMcDermott,2010-04-01,2010,,
GoJ-CA34,"Gomez, Jimmy",RepJimmyGomez,2014-03-01,2014,,
PaJ-CA19,"Panetta, Jimmy",RepJimmyPanetta,2016-11-01,2016,,
BaJ-TX06,"Barton, Joe",RepJoeBarton,2009-02-01,2009,,
CoJ-CT02,"Courtney, Joe",RepJoeCourtney,2009-10-01,2009,,
MoJ-NY25,"Morelle, Joseph D.",RepJoeMorelle,2018-11-01,2018,,
NeJ-CO02,"Neguse, Joe",RepJoeNeguse,2018-12-01,2018,,
WiJ-SC02,"Wilson, Joe",RepJoeWilson,2011-02-01,2011,,
BoJ-OH16,"Boccieri, John A.",RepJohnBoccieri,2016-02-01,2016,,
CoJ-MI13,"Conyers, John, Jr.",RepJohnConyers,2010-04-01,2010,,
CuJ-UT03,"Curtis, John R.",RepJohnCurtis,2017-11-01,2017,,
DuJ-TN02,"Duncan, John J., Jr.",RepJohnDuncanJr,2013-09-01,2013,,
FaJ-NY19,"Faso, John J.",RepJohnFaso,2017-01-01,2017,,
JoJ-PA13,"Joyce, John",RepJohnJoyce,2019-01-01,2019,,
KaJ-NY24,"Katko, John",RepJohnKatko,2015-01-01,2015,,
KlJ-MN02,"Kline, John",repjohnkline,2009-09-01,2009,,
LaJ-CT01,"Larson, John B.",RepJohnLarson,2009-06-01,2009,,
LeJ-GA05,"Lewis, John",repjohnlewis,2009-04-01,2009,,
RoJ-TN06,"Rose, John W.",RepJohnRose,2019-01-01,2019,,
ShJ-AZ03,"Shadegg, John B.",RepJohnShadegg,2009-09-01,2009,,
RuJ-NJ03,"Runyan, Jon",RepJonRunyan,2011-06-01,2011,,
SeJ-NY15,"Serrano, Jose E.",RepJoseSerrano,2009-04-01,2009,,
GoJ-NJ05,"Gottheimer, Josh",RepJoshG,2016-12-01,2016,,
HaJ-CA09,"Harder, Josh",RepJoshHarder,2019-01-01,2019,,
VaJ-CA52,"Vargas, Juan",RepJuanVargas,2013-03-01,2013,,
ChJ-CA28,"Chu, Judy",RepJudyChu,2010-09-01,2010,,
LeJ-LA05,"Letlow, Julia",repjulialetlow,2021-04-01,2021,,
KaK-HI02,"Kahele, Kaiali'i",RepKahele,2021-01-01,2021,,
KaS-CA37,"Kamlager-Dove, Sydney",RepKamlagerDove,2023-01-01,2023,,
BaK-CA37,"Bass, Karen",RepKarenBass,2011-01-01,2011,,
CaK-FL03,"Cammack, Kat",RepKatCammack,2020-01-01,2020,,
HoK-NY26,"Hochul, Kathleen C.",RepKathyHochul,2011-06-01,2011,,
HiK-CA25,"Hill, Katie",RepKatieHill,2018-11-01,2018,,
PoK-CA47,"Porter, Katie",RepKatiePorter,2019-01-01,2019,,
GrK-TX12,"Granger, Kay",RepKayGranger,2010-07-01,2010,,
ClK-MA05,"Clark, Katherine M.",RepKClark,2014-01-01,2014,,
SeK-TX03,"Self, Keith",RepKeithSelf,2023-01-01,2023,,
BuK-CO04,"Buck, Ken",RepKenBuck,2014-11-01,2014,,
MaK-TX24,"Marchant, Kenny",RepKenMarchant,2009-03-01,2009,,
HeK-OK01,"Hern, Kevin",repkevinhern,2018-11-01,2018,,
KiR-NV04,"Kihuen, Ruben J.",RepKihuen,2017-01-01,2017,,
KiK-CA03,"Kiley, Kevin",RepKiley,2023-01-01,2023,,
ScK-WA08,"Schrier, Kim",RepKimSchrier,2019-01-01,2019,,
KiA-IL16,"Kinzinger, Adam",RepKinzinger,2010-11-01,2010,,
KiA-AZ02,"Kirkpatrick, Ann",RepKirkpatrick,2019-01-01,2019,,
MfK-MD07,"Mfume, Kweisi",RepKweisiMfume,2020-06-01,2020,,
LaD-IL16,"LaHood, Darin",RepLaHood,2015-09-01,2015,,
LaN-NY01,"LaLota, Nick",RepLaLota,2022-11-01,2022,,
LaD-CA01,"LaMalfa, Doug",RepLaMalfa,2013-01-01,2013,,
LaL-NJ07,"Lance, Leonard",RepLanceNJ7,2012-06-01,2012,,
BuL-IN08,"Bucshon, Larry",RepLarryBucshon,2011-01-01,2011,,
LaJ-KS02,"LaTurner, Jake",RepLaTurner,2021-01-01,2021,,
LeL-FL15,"Lee, Laurel M.",RepLaurelLee,2022-12-01,2022,,
BlL-DE00,"Blunt Rochester, Lisa",RepLBR,2017-01-01,2017,,
ChL-OR05,"Chavez-DeRemer, Lori",RepLCD,2022-10-01,2022,,
SaL-CA38,"Sanchez, Linda T.",replindasanchez,2011-06-01,2011,,
LiD-IL03,"Lipinski, Daniel",RepLipinski,2012-12-01,2012,,
McL-MI09,"McClain, Lisa C.",RepLisaMcClain,2020-12-01,2020,,
DoL-TX37,"Doggett, Lloyd",RepLloydDoggett,2010-06-01,2010,,
CaL-CA24,"Capps, Lois",RepLoisCapps,2011-05-01,2011,,
FrL-FL22,"Frankel, Lois",RepLoisFrankel,2013-01-01,2013,,
TrL-MA03,"Trahan, Lori",RepLoriTrahan,2018-12-01,2018,,
BaL-PA11,"Barletta, Lou",RepLouBarletta,2011-01-01,2011,,
CoJ-CA46,"Correa, J. Luis",RepLouCorrea,2017-01-01,2017,,
LoB-GA11,"Loudermilk, Barry",RepLoudermilk,2014-12-01,2014,,
LoA-CA47,"Lowenthal, Alan S.",RepLowenthal,2013-01-01,2013,,
McL-GA07,"McBath, Lucy",RepLucyMcBath,2019-01-01,2019,,
LuA-FL13,"Luna, Anna Paulina",RepLuna,2023-01-01,2023,,
LuM-TX08,"Luttrell, Morgan",RepLuttrell_TX8,2021-06-01,2021,,
MaN-NY11,"Malliotakis, Nicole",RepMalliotakis,2020-12-01,2020,,
MaC-NY12,"Maloney, Carolyn B.",RepMaloney,2011-02-01,2011,,
MaT-KS01,"Mann, Tracey",RepMann,2021-01-01,2021,,
FuM-OH11,"Fudge, Marcia L.",RepMarciaFudge,2010-06-01,2010,,
KaM-OH09,"Kaptur, Marcy",RepMarcyKaptur,2012-05-01,2012,,
SaM-FL27,"Salazar, Maria Elvira",RepMariaSalazar,2020-11-01,2020,,
NeM-IL03,"Newman, Marie",RepMarieNewman,2020-12-01,2020,,
AlM-MO04,"Alford, Mark",RepMarkAlford,2023-01-01,2023,,
GrM-WI08,"Green, Mark",RepMarkGreen,2019-01-01,2019,,
GrM-TN07,"Green, Mark E.",RepMarkGreen,2019-01-01,2019,,
PoM-WI02,"Pocan, Mark",repmarkpocan,2013-02-01,2013,,
TaM-HI01,"Takai, Mark",RepMarkTakai,2015-01-01,2015,,
TaM-CA39,"Takano, Mark",RepMarkTakano,2012-12-01,2012,,
WaM-NC06,"Walker, Mark",RepMarkWalker,2015-01-01,2015,,
MiM-IL15,"Miller, Mary E.",RepMaryMiller,2020-12-01,2020,,
GaM-FL01,"Gaetz, Matt",RepMattGaetz,2017-01-01,2017,,
WaM-CA43,"Waters, Maxine",RepMaxineWaters,2009-04-01,2009,,
RoM-NY11,"Rose, Max",RepMaxRose,2018-12-01,2018,,
FrM-FL10,"Frost, Maxwell",RepMaxwellFrost,2022-12-01,2022,,
McC-NY04,"McCarthy, Carolyn",RepMcCarthyNY,2010-06-01,2010,,
McM-TX10,"McCaul, Michael T.",RepMcCaul,2009-03-01,2009,,
McT-CA05,"McClintock, Tom",RepMcClintock,2009-06-01,2009,,
McR-GA06,"McCormick, Richard",RepMcCormick,2023-01-01,2023,,
McA-VA04,"McEachin, A. Donald",RepMcEachin,2017-01-01,2017,,
McM-KY03,"McGarvey, Morgan",RepMcGarvey,2023-01-01,2023,,
McJ-MA02,"McGovern, James P.",RepMcGovern,2011-01-01,2011,,
McD-WV01,"McKinley, David B.",RepMcKinley,2011-01-01,2011,,
NeG-CA35,"Negrete McLeod, Gloria",RepMcLeod,2012-12-01,2012,,
McJ-CA09,"McNerney, Jerry",RepMcNerney,2011-10-01,2011,,
MeP-MI03,"Meijer, Peter",RepMeijer,2020-12-01,2020,,
MeR-NJ08,"Menendez, Robert",RepMenendez,2022-12-01,2022,,
MeR-NJ13,"Menendez, Robert",RepMenendez,2022-12-01,2022,,
MeD-PA09,"Meuser, Daniel",RepMeuser,2019-01-01,2019,,
PeM-WA03,"Perez, Marie Gluesenkamp",RepMGP,2022-10-01,2022,,
GrH-VA09,"Griffith, H. Morgan",RepMGriffith,2011-01-01,2011,,
ScM-PA05,"Scanlon, Mary Gay",RepMGS,2018-11-01,2018,,
GuM-MS03,"Guest, Michael",RepMichaelGuest,2019-01-01,2019,,
CaM-OH15,"Carey, Mike",RepMikeCarey,2021-11-01,2021,,
CoM-GA10,"Collins, Mike",RepMikeCollins,2022-12-01,2022,,
GaM-CA27,"Garcia, Mike",RepMikeGarcia,2020-05-01,2020,,
HoM-CA17,"Honda, Michael M.",RepMikeHonda,2008-10-01,2008,,
JoM-LA04,"Johnson, Mike",RepMikeJohnson,2017-02-01,2017,,
LaM-NY17,"Lawler, Michael",RepMikeLawler,2022-11-01,2022,,
LeM-CA49,"Levin, Mike",RepMikeLevin,2018-12-01,2018,,
McM-NY13,"McMahon, Michael E.",RepMikeMcMahon,2009-06-01,2009,,
QuM-IL05,"Quigley, Mike",RepMikeQuigley,2009-07-01,2009,,
RoM-MI08,"Rogers, Mike J.",RepMikeRogers,2010-06-01,2010,,
RoM-AL03,"Rogers, Mike D.",repmikerogersal,2009-04-01,2009,,
TuM-OH10,"Turner, Michael R.",RepMikeTurner,2009-06-01,2009,,
MiC-FL07,"Mills, Cory",RepMillsPress,2023-01-01,2023,,
MiM-IA01,"Miller-Meeks, Mariannette",RepMMM,2021-01-01,2021,,
BrM-AL05,"Brooks, Mo",RepMoBrooks,2011-01-01,2011,,
MoM-NY19,"Molinaro, Marcus J.",RepMolinaroNY19,2022-12-01,2022,,
DeM-TX15,"De La Cruz, Monica",RepMonicaDLC,2022-11-01,2022,,
MoJ-MI02,"Moolenaar, John R.",RepMoolenaar,2014-07-01,2014,,
MoJ-FL23,"Moskowitz, Jared",RepMoskowitz,2023-01-01,2023,,
MrF-IN01,"Mrvan, Frank J.",RepMrvan,2021-01-01,2021,,
GrM-GA14,"Greene, Marjorie Taylor",RepMTG,2020-12-01,2020,,
MaN-SC01,"Mace, Nancy",RepNancyMace,2020-12-01,2020,,
MoN-TX01,"Moran, Nathaniel",RepNateMoran,2022-12-01,2022,,
NeD-WA04,"Newhouse, Dan",RepNewhouse,2014-12-01,2014,,
RaN-WV03,"Rahall, Nick J., II",RepNickRahall,2014-02-01,2014,,
WiN-GA05,"Williams, Nikema",RepNikema,2021-01-01,2021,,
BuN-IL13,"Budzinski, Nikki",RepNikkiB,2022-12-01,2022,,
OgA-TN05,"Ogles, Andrew",RepOgles,2022-12-01,2022,,
O'T-AZ01,"O'Halleran, Tom",RepOHalleran,2016-12-01,2016,,
FaP-TX04,"Fallon, Pat",RepPatFallon,2020-12-01,2020,,
RyP-NY18,"Ryan, Patrick",RepPatRyanNY,2022-09-01,2022,,
MiP-MI10,"Mitchell, Paul",RepPaulMitchell,2016-12-01,2016,,
ToP-NY20,"Tonko, Paul",RepPaulTonko,2009-10-01,2009,,
PeE-CO07,"Perlmutter, Ed",RepPerlmutter,2009-02-01,2009,,
AgP-CA33,"Aguilar, Pete",RepPeteAguilar,2015-02-01,2015,,
KiP-NY02,"King, Peter T.",RepPeteKing,2008-12-01,2008,,
OlP-TX22,"Olson, Pete",RepPeteOlson,2009-02-01,2009,,
DeP-OR04,"DeFazio, Peter A.",RepPeterDeFazio,2011-02-01,2011,,
StP-MN08,"Stauber, Pete",RepPeteStauber,2018-12-01,2018,,
PeB-CO07,"Pettersen, Brittany",RepPettersen,2023-01-01,2023,,
PfA-TX11,"Pfluger, August",RepPfluger,2020-12-01,2020,,
PiR-NC09,"Pittenger, Robert",RepPittenger,2012-11-01,2012,,
PrA-MA07,"Pressley, Ayanna",RepPressley,2019-01-01,2019,,
RaG-CA19,"Radanovich, George",RepRadanovich,2009-02-01,2009,,
NoR-SC05,"Norman, Ralph",RepRalphNorman,2017-06-01,2017,,
TlR-MI12,"Tlaib, Rashida",RepRashida,2018-12-01,2018,,
RaJ-MD08,"Raskin, Jamie",RepRaskin,2016-12-01,2016,,
GrR-AZ07,"Grijalva, Raúl M.",RepRaulGrijalva,2009-04-01,2009,,
RuR-CA25,"Ruiz, Raul",RepRaulRuizMD,2013-01-01,2013,,
ElR-NC02,"Ellmers, Renee L.",RepReneeEllmers,2010-11-01,2010,,
RiR-WI08,"Ribble, Reid J.",RepRibble,2011-01-01,2011,,
HaR-NY22,"Hanna, Richard L.",RepRichardHanna,2011-01-01,2011,,
NeR-MA01,"Neal, Richard E.",RepRichardNeal,2011-12-01,2011,,
HuR-NC09,"Hudson, Richard",RepRichHudson,2012-11-01,2012,,
RiC-LA02,"Richmond, Cedric L.",RepRichmond,2011-03-01,2011,,
NuR-FL11,"Nugent, Richard B.",RepRichNugent,2011-01-01,2011,,
AlR-GA12,"Allen, Rick W.",RepRickAllen,2015-01-01,2015,,
CrE-AR01,"Crawford, Eric A. ""Rick""",reprickcrawford,2011-01-01,2011,,
LaR-WA02,"Larsen, Rick",RepRickLarsen,2011-11-01,2011,,
RiD-VA05,"Riggleman, Denver",RepRiggleman,2019-01-01,2019,,
ToR-NY15,"Torres, Ritchie",RepRitchie,2020-06-01,2020,,
RiD-FL25,"Rivera, David",RepRivera,2011-01-01,2011,,
GaR-CA42,"Garcia, Robert",RepRobertGarcia,2022-12-01,2022,,
HuR-VA05,"Hurt, Robert",RepRobertHurt,2011-01-01,2011,,
KeR-IL02,"Kelly, Robin L.",RepRobinKelly,2013-04-01,2013,,
WoR-GA07,"Woodall, Rob",RepRobWoodall,2014-03-01,2014,,
BlR-IA01,"Blum, Rod",RepRodBlum,2015-01-01,2015,,
KhR-CA17,"Khanna, Ro",RepRoKhanna,2017-01-01,2017,,
BaR-AZ02,"Barber, Ron",RepRonBarber,2012-06-01,2012,,
EsR-KS04,"Estes, Ron",RepRonEstes,2017-04-01,2017,,
KiR-WI03,"Kind, Ron",RepRonKind,2010-02-01,2010,,
KlR-FL22,"Klein, Ron",RepRonKlein,2010-06-01,2010,,
JaR-TX13,"Jackson, Ronny",RepRonnyJackson,2020-12-01,2020,,
WrR-TX06,"Wright, Ron",RepRonWright,2019-01-01,2019,,
RoF-FL19,"Rooney, Francis",RepRooney,2017-01-01,2017,,
RoM-MT02,"Rosendale Sr., Matthew M.",RepRosendale,2020-12-01,2020,,
SpR-FL15,"Spano, Ross",RepRossSpano,2019-01-01,2019,,
RoL-CA40,"Roybal-Allard, Lucille",RepRoybalAllard,2012-01-01,2012,,
GaR-AZ03,"Gallego, Ruben",RepRubenGallego,2015-01-01,2015,,
YaR-IN02,"Yakym, Rudy",RepRudyYakym,2022-12-01,2022,,
FrR-SC07,"Fry, Russell",RepRussellFry,2022-12-01,2022,,
FuR-ID01,"Fulcher, Russ",RepRussFulcher,2018-12-01,2018,,
RuJ-FL05,"Rutherford, John H.",RepRutherfordFL,2017-02-01,2017,,
WiR-TX25,"Williams, Roger",RepRWilliams,2013-01-01,2013,,
ZiR-MT01,"Zinke, Ryan K.",RepRyanZinke,2014-12-01,2014,,
SaA-OR06,"Salinas, Andrea",RepSalinas,2023-01-01,2023,,
GrS-MO06,"Graves, Sam",RepSamGraves,2009-04-01,2009,,
AdS-FL24,"Adams, Sandy",RepSandyAdams,2010-11-01,2010,,
LeS-MI09,"Levin, Sander M.",repsandylevin,2009-03-01,2009,,
SaG-NY03,"Santos, George",RepSantosNY03,2023-01-01,2023,,
JaS-CA51,"Jacobs, Sara",RepSaraJacobs,2021-01-01,2021,,
SaJ-MD03,"Sarbanes, John P.",RepSarbanes,2011-08-01,2011,,
ScJ-IL09,"Schakowsky, Janice D.",RepSchakowsky,2009-10-01,2009,,
ScB-IL10,"Schneider, Bradley Scott",RepSchneider,2013-01-01,2013,,
ScH-MI03,"Scholten, Hillary J.",RepScholten,2023-01-01,2023,,
ScK-OR05,"Schrader, Kurt",RepSchrader,2009-02-01,2009,,
PeS-PA10,"Perry, Scott",RepScottPerry,2009-01-01,2009,,
PeS-CA50,"Peters, Scott H.",RepScottPeters,2013-01-01,2013,,
RiE-VA02,"Rigell, E. Scott",RepScottRigell,2010-12-01,2010,,
MaS-NY18,"Maloney, Sean Patrick",RepSeanMaloney,2013-01-01,2013,,
ShC-NH01,"Shea-Porter, Carol",RepSheaPorter,2010-03-01,2010,,
ShM-NJ11,"Sherrill, Mikie",RepSherrill,2019-01-01,2019,,
ShJ-IL15,"Shimkus, John",RepShimkus,2008-07-01,2008,,
BrS-OH11,"Brown, Shontel M.",RepShontelBrown,2021-11-01,2021,,
ThS-MI13,"Thanedar, Shri",RepShriThanedar,2023-01-01,2023,,
SlE-MI07,"Slotkin, Elissa",RepSlotkin,2018-12-01,2018,,
SmL-PA11,"Smucker, Lloyd",RepSmucker,2009-05-01,2009,,
SpA-VA07,"Spanberger, Abigail Davis",RepSpanberger,2018-12-01,2018,,
SpV-IN05,"Spartz, Victoria",RepSpartz,2020-12-01,2020,,
SpJ-CA14,"Speier, Jackie",RepSpeier,2009-03-01,2009,,
StM-CA45,"Steel, Michelle",RepSteel,2020-12-01,2020,,
StE-NY21,"Stefanik, Elise M.",RepStefanik,2015-01-01,2015,,
LyS-MA08,"Lynch, Stephen F.",RepStephenLynch,2011-06-01,2011,,
MuS-FL07,"Murphy, Stephanie N.",RepStephMurphy,2016-11-01,2016,,
ChS-OH01,"Chabot, Steve",RepSteveChabot,2011-01-01,2011,,
IsS-NY03,"Israel, Steve",RepSteveIsrael,2009-02-01,2009,,
StS-OH15,"Stivers, Steve",RepSteveStivers,2010-11-01,2010,,
StM-WA10,"Strickland, Marilyn",RepStricklandWA,2020-12-01,2020,,
StM-IN03,"Stutzman, Marlin A.",RepStutzman,2010-11-01,2010,,
LeS-PA12,"Lee, Summer L.",RepSummerLee,2018-05-01,2018,,
WiS-PA07,"Wild, Susan",RepSusanWild,2018-12-01,2018,,
LeS-NV03,"Lee, Susie",RepSusieLee,2018-12-01,2018,,
SwE-CA14,"Swalwell, Eric",RepSwalwell,2012-11-01,2012,,
GaS-TX29,"Garcia, Sylvia R.",RepSylviaGarcia,2019-01-01,2019,,
DeT-FL22,"Deutch, Theodore E.",RepTedDeutch,2010-04-10,2010,,
LiT-CA36,"Lieu, Ted",RepTedLieu,2015-02-01,2015,,
YoT-FL03,"Yoho, Ted S.",RepTedYoho,2013-01-01,2013,,
TeC-NY24,"Tenney, Claudia",RepTenney,2016-11-01,2016,,
LeT-NM03,"Leger Fernandez, Teresa",RepTeresaLF,2021-01-01,2021,,
SeT-AL07,"Sewell, Terri A.",RepTerriSewell,2011-09-01,2011,,
MaT-KY04,"Massie, Thomas",RepThomasMassie,2012-11-01,2012,,
ThM-CA04,"Thompson, Mike",RepThompson,2011-05-01,2011,,
TiJ-MA06,"Tierney, John F.",RepTierney,2011-10-01,2011,,
TiT-WI07,"Tiffany, Thomas P.",RepTiffany,2020-06-01,2020,,
BuT-TN02,"Burchett, Tim",RepTimBurchett,2018-08-01,2018,,
JoT-IL15,"Johnson, Timothy V.",RepTimJohnson,2011-02-01,2011,,
TiW-SC04,"Timmons, William R. IV",RepTimmons,2018-12-01,2018,,
RyT-OH13,"Ryan, Tim",RepTimRyan,2008-02-01,2008,,
WaT-MN01,"Walz, Timothy J.",RepTimWalz,2013-03-01,2013,,
TiS-CO03,"Tipton, Scott R.",RepTipton,2011-01-01,2011,,
CoT-CA21,"Cox, TJ",RepTjCox,2019-01-01,2019,,
AkW-MO02,"Akin, W. Todd",REPTODDAKlN,2012-08-01,2012,,
GaT-VA05,"Garrett, Thomas A., Jr.",RepTomGarrett,2017-01-01,2017,,
GrT-GA14,"Graves, Tom",RepTomGraves,2010-09-01,2010,,
MaT-NJ03,"MacArthur, Thomas",RepTomMacArthur,2015-01-01,2015,,
PrT-GA06,"Price, Tom",RepTomPrice,2007-06-01,2007,,
GoT-TX23,"Gonzales, Tony",RepTonyGonzales,2020-12-01,2020,,
ToX-NM02,"Torres Small, Xochitl",RepTorresSmall,2019-01-01,2019,,
KeT-MS01,"Kelly, Trent",RepTrentKelly,2015-06-01,2015,,
HoT-IN09,"Hollingsworth, Trey",RepTrey,2016-12-01,2016,,
CaT-LA02,"Carter, Troy",RepTroyCarter,2021-01-01,2021,,
NeT-TX22,"Nehls, Troy E.",RepTroyNehls,2021-01-01,2021,,
UnL-IL14,"Underwood, Lauren",RepUnderwood,2019-01-01,2019,,
DeV-FL10,"Demings, Val Butler",RepValDemings,2016-11-01,2016,,
HoV-OR04,"Hoyle, Val T.",RepValHoyle,2023-01-01,2023,,
VaD-WI03,"Van Orden, Derrick",RepVanOrden,2022-12-01,2022,,
TaV-TX03,"Taylor, Van",RepVanTaylor,2018-12-01,2018,,
VeM-TX33,"Veasey, Marc A.",RepVeasey,2013-01-01,2013,,
ViP-IN01,"Visclosky, Peter J.",RepVisclosky,2010-09-01,2010,,
WaT-MI05,"Walberg, Tim",RepWalberg,2011-01-01,2011,,
WaJ-IN02,"Walorski, Jackie",RepWalorski,2013-01-01,2013,,
JoW-NC03,"Jones, Walter B., Jr.",RepWalterJones,2009-03-01,2009,,
WaM-FL06,"Waltz, Michael",RepWaltzPress,2019-01-01,2019,,
WaH-CA33,"Waxman, Henry A.",RepWaxman,2012-08-01,2012,,
WeD-FL11,"Webster, Daniel",RepWebster,2011-04-01,2011,,
HuW-TX38,"Hunt, Wesley",RepWesleyHunt,2022-12-01,2022,,
WeB-AR04,"Westerman, Bruce",RepWesterman,2014-10-01,2014,,
WeJ-VA10,"Wexton, Jennifer",RepWexton,2018-07-01,2018,,
NiW-NC13,"Nickel, Wiley",RepWileyNickel,2022-11-01,2022,,
WiB-NY22,"Williams, Brandon",RepWilliams,2022-12-01,2022,,
WiF-FL24,"Wilson, Frederica S.",RepWilson,2011-01-01,2011,,
KiY-CA40,"Kim, Young",RepYoungKim,2020-12-01,2020,,
ClY-NY09,"Clarke, Yvette D.",RepYvetteClarke,2011-01-01,2011,,
LoZ-CA18,"Lofgren, Zoe",RepZoeLofgren,2011-03-01,2011,,
PoR-CA11,"Pombo, Richard W.",richardpombo,2010-01-01,2010,,
BoR-VA09,"Boucher, Rick",rickboucherdc,2018-06-01,2018,,
BiR-UT01,"Bishop, Rob",RobBishopUT,2016-03-01,2016,,
AdR-AL04,"Aderholt, Robert B.",Robert_Aderholt,2009-09-01,2009,,
PoR-OH02,"Portman, Rob",robportman,2014-07-01,2014,,
SiR-CT02,"Simmons, Rob",RobSimmons,2009-03-01,2009,,
WiR-VA01,"Wittman, Robert J.",RobWittman,2008-07-01,2008,,
DaR-IL13,"Davis, Rodney",RodneyDavis,2012-12-01,2012,,
MaR-KS01,"Marshall, Roger",RogerMarshallMD,2013-03-01,2013,,
DeR-FL06,"DeSantis, Ron",RonDeSantisFL,2012-02-01,2012,,
PaR-TX14,"Paul, Ron",RonPaul,2011-04-01,2011,,
DeR-CT03,"DeLauro, Rosa L.",rosadelauro,2010-05-01,2010,,
BaR-MD06,"Bartlett, Roscoe G.",Roscoe_Bartlett,2011-12-01,2011,,
RoI-FL27,"Ros-Lehtinen, Ileana",RosLehtinen,2008-04-01,2008,,
BlR-MO07,"Blunt, Roy",RoyBlunt,2009-02-01,2009,,
HoR-NJ12,"Holt, Rush",RushHolt,2010-02-01,2010,,
CoR-PA06,"Costello, Ryan A.",RyanCostello,2018-04-01,2018,,
JoS-TX03,"Johnson, Sam",SamsPressShop,2011-02-01,2011,,
BiS-GA02,"Bishop, Sanford D., Jr.",SanfordBishop,2011-02-01,2011,,
TaS-VA02,"Taylor, Scott",Scotttaylorva,2009-05-01,2009,,
DuS-WI07,"Duffy, Sean P.",SeanDuffyWI,2011-01-01,2011,,
BeX-CA34,"Becerra, Xavier",SecBecerra,2021-03-01,2021,,
BaT-WI02,"Baldwin, Tammy",SenatorBaldwin,2013-01-01,2013,,
CaB-MD03,"Cardin, Benjamin L.",SenatorCardin,2010-01-01,2010,,
KiM-IL10,"Kirk, Mark Steven",SenatorKirk,2010-11-01,2010,,
LaJ-OK05,"Lankford, James",SenatorLankford,2010-12-01,2010,,
LuB-NM03,"Lujan, Ben Ray",SenatorLujan,2009-01-01,2009,,
SiK-AZ09,"Sinema, Kyrsten",SenatorSinema,2013-01-01,2013,,
ScT-SC01,"Scott, Tim",SenatorTimScott,2010-11-01,2010,,
UdT-NM03,"Udall, Tom",SenatorTomUdall,2009-07-01,2009,,
WiR-MS01,"Wicker, Roger F.",SenatorWicker,2011-03-01,2011,,
CaS-WV02,"Capito, Shelley Moore",SenCapito,2010-09-01,2010,,
CaC-PA10,"Carney, Christopher P.",SenChrisCarney,2011-12-01,2011,,
GaC-CO04,"Gardner, Cory",SenCoryGardner,2011-01-01,2011,,
HeD-NV02,"Heller, Dean",SenDeanHeller,2011-03-01,2011,,
DoJ-IN02,"Donnelly, Joe",SenDonnelly,2010-11-01,2010,,
DuT-IL08,"Duckworth, Tammy",SenDuckworth,2013-01-01,2013,,
PeG-MI14,"Peters, Gary C.",SenGaryPeters,2011-01-01,2011,,
RoJ-NV03,"Rosen, Jacky",SenJackyRosen,2017-01-01,2017,,
BrJ-NH01,"Bradley, Jeb",SenJeb,2010-03-01,2010,,
CrK-ND00,"Cramer, Kevin",SenKevinCramer,2012-12-01,2012,,
LuC-WY00,"Lummis, Cynthia M.",SenLummis,2009-03-01,2009,,
MaE-MA07,"Markey, Edward J.",SenMarkey,2009-02-01,2009,,
MuK-CA15,"Mullin, Kevin",SenMullin,2013-01-01,2013,,
MuM-OK02,"Mullin, Markwayne",SenMullin,2013-01-01,2013,,
SaB-VT00,"Sanders, Bernard",SenSanders,2009-04-01,2009,,
BrS-OH13,"Brown, Sherrod",SenSherrodBrown,2009-06-01,2009,,
BuT-NC13,"Budd, Ted",SenTedBuddNC,2017-01-01,2017,,
YoT-IN09,"Young, Todd",SenToddYoung,2011-01-01,2011,,
CoT-AR04,"Cotton, Tom",SenTomCotton,2012-11-01,2012,,
MoS-MA06,"Moulton, Seth",sethmoulton,2011-02-01,2011,,
SeS-TX22,"Sekula Gibbs, Shelley",ShelleySekula,2014-08-01,2014,,
ShB-PA09,"Shuster, Bill",ShusterForPA9,2012-09-01,2012,,
ReS-TX16,"Reyes, Silvestre",SilvestreReyes,2010-02-01,2010,,
SoM-IN09,"Sodrel, Michael E.",SodrelMike,2022-02-01,2022,,
BoJ-OH08,"Boehner, John A.",SpeakerBoehner,2007-07-01,2007,,
McK-CA20,"McCarthy, Kevin",SpeakerMcCarthy,2009-01-01,2009,,
PeN-CA11,"Pelosi, Nancy",SpeakerPelosi,2008-08-01,2008,,
RyP-WI01,"Ryan, Paul D.",SpeakerRyan,2009-01-01,2009,,
PlS-VI00,"Plaskett, Stacey E.",StaceyPlaskett,2014-08-01,2014,,
HeS-SD00,"Herseth Sandlin, Stephanie",StephanieforSD,2010-05-01,2010,,
KaS-WI08,"Kagen, Steve",stevekagen,2010-02-01,2010,,
KiS-IA04,"King, Steve",SteveKingIA,2009-06-01,2009,,
KnS-CA25,"Knight, Stephen",SteveKnight25,2015-01-01,2015,,
RuS-OK05,"Russell, Steve",SteveRussellOK,2014-02-01,2014,,
ScS-LA01,"Scalise, Steve",SteveScalise,2013-02-01,2013,,
StS-TX36,"Stockman, Steve",SteveWorks4You,2013-01-01,2013,,
BrS-IN05,"Brooks, Susan W.",SusanWBrooks,2013-01-01,2013,,
KoS-FL24,"Kosmas, Suzanne M.",SuzanneKosmas,2017-01-01,2017,,
ReD-WA08,"Reichert, David G.",TeamReichert,2010-03-01,2010,,
SuJ-OK01,"Sullivan, John",TEAMSullivan,2009-11-01,2009,,
StT-OH06,"Strickland, Ted",Ted_Strickland,2009-04-01,2009,,
GoT-SC04,"Gowdy, Trey",TGowdySC,2011-01-01,2011,,
BiT-NY01,"Bishop, Timothy H.",TimBishop2014,2012-02-01,2012,,
HoT-PA17,"Holden, Tim",TimHoldenPA17,2010-04-01,2010,,
MaT-FL16,"Mahoney, Tim",TimMahoney67A,2013-03-01,2013,,
RoT-IN04,"Rokita, Todd",ToddRokita,2008-11-01,2008,,
SuT-NY03,"Suozzi, Thomas R.",Tom_Suozzi,2009-01-01,2009,,
CoT-OK04,"Cole, Tom",TomColeOK04,2009-03-01,2009,,
DeT-TX22,"DeLay, Tom",tomdelay,2007-05-01,2007,,
LaT-IA03,"Latham, Tom",TomLatham,2007-11-01,2007,,
PeT-VA05,"Perriello, Thomas S.P.",tomperriello,2008-04-01,2008,,
ReT-NY23,"Reed, Tom",TomReedCongress,2009-08-01,2009,,
RoT-FL17,"Rooney, Thomas J.",TomRooney,2009-03-01,2009,,
ChT-MS01,"Childers, Travis",travchilders,2015-03-01,2015,,
RaT-FL19,"Radel, Trey",treyradel,2008-11-01,2008,,
TaT-CO06,"Tancredo, Thomas G.",ttancredo,2009-08-01,2009,,
GaT-HI02,"Gabbard, Tulsi",TulsiPress,2013-01-01,2013,,
GoC-TX20,"Gonzalez, Charles A.",TX20CharlieG,2011-01-01,2011,,
WeR-TX14,"Weber, Randy K., Sr.",TXRandy14,2013-01-01,2013,,
TuR-NY09,"Turner, Robert L.",USRepBobTurner,2011-09-01,2011,,
JoD-FL13,"Jolly, David W.",USRepDavidJolly,2014-05-01,2014,,
PaG-AL06,"Palmer, Gary J.",USRepGaryPalmer,2014-11-01,2014,,
CaK-FL14,"Castor, Kathy",USRepKCastor,2013-11-01,2013,,
KeW-MA09,"Keating, William R.",USRepKeating,2011-01-01,2011,,
DoM-PA18,"Doyle, Michael F.",USRepMikeDoyle,2009-05-01,2009,,
FlM-NE01,"Flood, Mike",USRepMikeFlood,2022-07-01,2022,,
HiR-TX15,"Hinojosa, Ruben",USRepRHinojosa,2011-01-01,2011,,
NoR-MN08,"Nolan, Richard M.",USRepRickNolan,2013-01-01,2013,,
FoV-NC04,"Foushee, Valerie P.",ValerieFoushee,2023-01-01,2023,,
McV-LA05,"McAllister, Vance M.",VanceMcAllister,2013-09-01,2013,,
BuV-FL16,"Buchanan, Vern",VernBuchanan,2009-02-01,2009,,
GoV-VA05,"Goode, Virgil H., Jr.",VirgilGoode,2012-06-01,2012,,
FoV-NC05,"Foxx, Virginia",virginiafoxx,2008-09-01,2008,,
JoB-MI13,"Jones, Brenda",VoteBrendaJones,2018-06-01,2018,,
BrC-FL05,"Brown, Corrine",votecorrine,2022-06-01,2022,,
WaJ-IL08,"Walsh, Joe",WalshFreedom,2011-01-01,2011,,
DaW-OH08,"Davidson, Warren",WarrenDavidson,2016-06-01,2016,,
WeL-GA03,"Westmoreland, Lynn A.",Westmoreland_GA,2010-04-01,2010,,
HuW-TX23,"Hurd, Will",WillHurd,2015-01-01,2015,,
YoD-IA03,"Young, David",YoungForIowa,2013-05-01,2013,,
HeY-NM02,"Herrell, Yvette",Yvette4congress,2017-08-01,2017,,
NuZ-IA03,"Nunn, Zachary",ZachNunn,2023-01-01,2023,,
SpZ-OH18,"Space, Zachary T.",ZackSpaceOhio,2010-06-01,2010,,
